Institute Name,DTE Region,Region Type,Address,District,Taluka,Pincode,Std Code,Website,Email,Head Name,Office Number,Personal Number
"Government College of Engineering, Amravati",Amravati,Urban,"VMV Road, Near Kathora Naka,  Amravati",Amravati,,444604,0721,www.gcoea.ac.in,principal@gcoea.ac.in,Dr.W.Z.Gandhare,07212660 Ext.- 100,07212660 Ext.- 100
"Department of Computer Science, SGB Amravati University, Amravati",Amravati,Urban,"SGB Amravati University, Near Tapowan, Amravati",Amravati,,444602,0721,www.sgbau.ac.in,reg@sgbau.ac.in,"Dr.V.M.Thankare, H.O.D. ",2662358 Ext.- 268, Ext.- 
"Shri Sant Gajanan Maharaj College of Engineering,Shegaon",Amravati,Rural,"S.S.G.M.C.E Campus, Khamgaon Road, Shegaon Dist. Buldhana",Buldhana,,444203,07265,www.ssgmce.org,principal@ssgmce.ac.in,Dr. S. B. Somani,252216 Ext.- ,252216 Ext.- 
"Prof. Ram Meghe Institute of Technology & Research, Amravati",Amravati,Rural,"Anjangaon Bari Road, Badnera,  Amravati",Amravati,,444701,0721,www.mitra.ac.in,principal@mitra.ac.in,Prof. A. P. Bodkhe,2681246 Ext.- 202,2681246 Ext.- 203
"P. R. Pote (Patil) Education & Welfare Trust's Group of Institution(Integrated Campus), Amravati",Amravati,Rural,"Shri Gajanan Township ,Pote Estate, Kathora Road, Amravati",Amravati,,444602,0721,www.prpcem.org,prpotepatilcollege@gmail.com,Dr. Mrs. S. D. Wakde,2530342 Ext.- 223,2530089 Ext.- 233
"Maratha Shikshan Sanstha, P.R. Patil College of Engineering & Technology, Amravati",Amravati,Rural,"Gajanan Township Campus, (Post Estate), Kathore Road, Amravati",Amravati,,444603,0721,www.prpcet.org,director_prpce@rediffmail.com,Dr. D.G. Wakde,2530344 Ext.- 250, Ext.- 
"Sipna Shikshan Prasarak Mandal College of Engineering & Technology, Amravati",Amravati,Urban,"Sipna campus, Infront of Nemani Godown, Badnera Rd., Amravati",Amravati,,444701,0721,www.sipnaengg.ac.in,sipnaoffice@gmail.com,Dr. Siddharth A. Ladhake,2522342 Ext.- 102,2522343 Ext.- 
"Shri Shivaji Education Society's College of Engineering and Technology, Akola",Amravati,Rural,"Babhulgaon(Jn), Murtizapur Road, National Highway No. 6, Akola",Akola,,444104,0724,www.coeta.org,principalcoeta@gmail.com,Prof. Dr. S.K.Deshmukh,2259069 Ext.- 24,2456688 Ext.- 24
"Paramhansa Ramkrishna Maunibaba Shikshan Santha's , Anuradha Engineering College, Chikhali",Amravati,Rural,"Anuradhha Nagar, Sakegaon Road, Chikhali Dist. Buldhana ",Buldhana,,443201,07264,www.aecc.ac.in,annprincipal55@gmail.com,Dr. Arun N. Nanhai,242063 Ext.- 206,242580 Ext.- 206
"Jawaharlal Darda Institute of Engineering and Technology, Yavatmal",Amravati,Rural,"MIDC, Lohara, Amaravati Road, Yavatmal",Yavatmal,,445001,07232,www.jdiet.ac.in,jdiet_yml@sancharnet.in,Dr. Avinash.W.Kolhatkar,249586 Ext.- ,249584 Ext.- 
"Shri Hanuman Vyayam  Prasarak Mandals College of Engineering & Technology, Amravati",Amravati,Urban,"Hanuman Vyayam Nagar, H.V.P.M. Campus, Amravati",Amravati,,444605,0721,www.hvpmcoet.in,principal@hvpmcoet.in,Dr. A.B.Marathe,2563422 Ext.- ,2563422 Ext.- 
"Dr. Bhausaheb Nadurkar College of Engineering, Waghapur,Yavatmal",Amravati,Urban,"Shri Saty Sai Krida Nagari, Waghapur Road, Yavatmal",Yavatmal,,445001,07232,www.dbncoet.ac.in,principal@dbncoet.ac.in,Dr. Vithal G. Arajpure,244097 Ext.- 23,246166 Ext.- 23
"Indira Bahuuddeshiya Shikshan Sanstha, College of Engineering, Ghatkheda, Amravati",Amravati,Rural,"Mardi Road, Ghatkheda, Amravati",Amravati,,444602,0721,www.coeaonline.org,principal_coe@rediffmail.com,Dr.S.G.Patil ,2711625 Ext.- 0721,2661928 Ext.- 0721
"G.H. Raisoni college of Engineering & Management, Amravati",Amravati,Rural,"Anjangaon, Bari Road, Amravati",Amravati,,444701,0721,ghrcema.raisoni.net,prashant.ingole@raisoni.net,Dr. Prashant V. Ingole,2385432 Ext.- ,2385429 Ext.- 
"Dwarka Bahu Uddeshiya Gramin Vikas Foundation, Rajarshri Shahu College of Engineering, Buldhana",Amravati,Rural,"Rajarshi Shahu Nagar, Near Palna Ghar, Sagwan Road,  Buldhana ",Buldhana,,443001,07262,www.rsce.ac.in,rsc_engg@rediffmail.com,Dr. A.M. Jinturkar,287167 Ext.- ,242080 Ext.- 
"Shri. Dadasaheb Gawai Charitable Trust's Dr. Smt. Kamaltai Gawai Institute of Engineering & Technology, Darapur, Amravati",Amravati,Rural,"Darapur, Taluka. Daryapur, Amravati",Amravati,,444814,,www.kgiet.ac.in,Principal.kgiet@gmail.com,Dr. S. M. Kherde,93263948 Ext.- 65,93263948 Ext.- 65
"Jagadambha Bahuuddeshiya Gramin Vikas Sanstha's Jagdambha College of Engineering and Technology, Yavatmal",Amravati,Rural,"Sr. No.167/1,167/2 &163/,Arni Road, Mauza-Kinhi,Tal & Dist-Yavatmal",Yavatmal,,445001,07232,www.jcoet.org,principal@jcoet.org,Dr. S. K. Kalaspurkar,244226 Ext.- ,244226 Ext.- 
"Prof Ram Meghe College of Engineering  and Management, Badnera",Amravati,Urban,"New Express Highway, Badnera Dist. Amravati",Amravati,,444701,0721,www.prmceam.ac.in,principal@prmceam.ac.in,Dr. M. S. Ali,2580373 Ext.- ,2578385 Ext.- 
"Dhamangaon Education Society's College of Engineering and Technology, Dhamangaon",Amravati,Rural,"Knowledge Hub, Anjansingi Road, Dhamangaon RlY. Station, Amravati",Amravati,,444709,07222,www.descoet.org,desdcoet@rediffmail.com,Dr. L. P. Dhamande,237335 Ext.- 07222,238235 Ext.- 07222
"Vision Buldhana Educational & Welfare Society's Pankaj Laddhad Institute of Technology & Management Studies, Yelgaon",Amravati,Urban,"Chikhali Road, Post Yelgaon, Tal & Buldhana",Buldhana,,443001,07262,www.plit.ac.in,principal_plit@rediffmail.com,Dr. P.M. Jawandhiya, Ext.- ,286111 Ext.- 
"Sanmati Engineering College, Sawargaon Barde, Washim",Amravati,Rural,"Survey no. 40, Washim-Malegaon Road, At. Post  Sawargaon Barde Dist. Washim ",Washim,,444505,07252,www.sanmati.in,walchale@gmail.com,Dr. V. M. Patil,234302 Ext.- ,233090 Ext.- 
"Padmashri Dr. V.B.  Kolte College of Engineering, Malkapur, Buldhana",Amravati,Rural,"Malkapur, Dist. Buldhana",Buldhana,,443101,07267,www.coemalkapur.ac.in,coemalkapur@rediffmail.com,Dr. J.P.Porwal,226700 Ext.- ,224943 Ext.- 
"Bhonsla College of Engineering & Reasearch, Akola",Amravati,Rural,"Survey No. 65, Mouza - Hingna Barlingna, Akola-Washim Highway, Tah. & Dist. Akola. ",Akola,,444001,0712,www.bhonslacer.org,bim.ngp@gmail.com,Dr Jayant P Kaware,6090111 Ext.- 0724, Ext.- 
"Mauli Group of Institutions, College of Engineering and Technology, Shegaon.",Amravati,Urban,"Khamgaon Road, Shegaon Dist. Buldhana",Buldhana,,444203,07265,www.mauligroup.org,maulicoet@gmail.com,Dr.C.M.Jadhao,254462 Ext.- ,254462 Ext.- 
"Pratap Institute of Management & Technology, Washim.",Amravati,Rural,"Gat No. 89 & 90, Mauza Walki, Risod Road, Washim",Washim,,444505,07252,www.pimtwashim.org,pimt.washim@gmail.com,Sachin Pratapsing Ade,288919 Ext.- 07252,288919 Ext.- 07252
"Siddhivinayak Technical Campus, School of Engineering & Research Technology, Shirasgon, Nile ",Amravati,Rural,"Gat No.133,134 & 140, Shegaon Khamgaon Road, Shirasgaon, Nile, Tal. Shegaon.",Buldhana,,444203,07263,www.stc.org.in,admn.stc@gmail.com,Dr Sanjay M. Kelo,220222 Ext.- ,220333 Ext.- 
"Mavav School of Engineering & Technology, Gut No. 1035 Nagpur Surat Highway, NH No. 6 Tal.Vyala, Balapur, Akola,  444302",Amravati,Rural,"Gut No.1035, Surat Nagpur Highway Vyala, Tal.Balapur, Akola.",Akola,,444302,07257,www.manavengineering.com,pradipson@gmail.com,Pralhad Polgawande,238406 Ext.- ,238406 Ext.- 
"Let.Dr.D.B.Dod College of Engineering, Jambla,Achalpur",Amravati,Rural,"Sr.No.31/4 Mauja Jambla, Anjangaon Road,Paratwada Tal. Achalpur Dist. Amravati. ",Amravati,,444805,07223,www.dbdcoe.org,drdbdod@rediffmail.com,Chandrashekhar D Dod,225503 Ext.- 07223, Ext.- 
"Government College of Engineering,  Aurangabad",Aurangabad,Urban,"Station Road, Osmanpura,  Aurangabad",Aurangabad,,431005,0240,www.geca.ac.in,principalgeca@yahoo.com,Dr. P.S. Adwani,2366111 Ext.- ,2366111 Ext.- 
"Shri Guru Gobind Singhji Institute of Engineering and Technology, Nanded",Aurangabad,Urban,"Vishnupuri, Nanded",Nanded,,431606,02462,www.sggs.ac.in,director@sggs.ac.in,Dr. L. M. Waghmare,229234 Ext.- ,229234 Ext.- 
"Everest Education Society, Group of Institutions (Integrated Campus), Ohar",Aurangabad,Urban,"Gut No.187&189, Ohar, Jatwada Road,  Aurangabad",Aurangabad,,431119,0240,www.everesteducationsociety.org,contact@everesteducationsociety.org,Dr.Santosh S. Lomte,6450827 Ext.- ,6450827 Ext.- 
"Shree Yash Pratishthan, Shreeyash College of Engineering and Technology, Aurangabad",Aurangabad,Rural,"Gut No. 258 (P), Satara Tanda, Tal & Dist. Aurangabad",Aurangabad,,431005,0240,www.syp.ac.in,sycet@yahoo.com,Dr. AJAY GULABRAO DAHAKE,6608701 Ext.- 701,6608702 Ext.- 702
"G. S. Mandal's Maharashtra Institute of Technology, Aurangabad",Aurangabad,Urban,"N.H. No. 211,Beed bypass Road, Satara, Aurangabad",Aurangabad,,431028,0240,www.mit.asia,spbhosle2001@gmail.com,Dr. S. P. Bhosle,2375222 Ext.- 222,2375222 Ext.- 222
"Matoshri Pratishan's Group of Institutions (Integrated Campus), Kupsarwadi , Nanded",Aurangabad,Rural,"Jijau Nagar, Off Nanded Latur Highway, Kupsarwadi, Post Vishnupuri. Dist. Nanded",Nanded,,431606,02462,www.mpgi.org,matoshripratishthan2012@gmail.com,Dr. Rajiv Dharaskar,229970 Ext.- 203,229967 Ext.- 203
"Gramodyogik Shikshan Mandal's Marathwada Institute of Technology, Aurangabad",Aurangabad,Urban,"P.B.-327, Satara Village Rd.,  off Beed By-Pass Highway ,Aurangabad",Aurangabad,,431028,0240,www.mit.asia,shekhar.gogte@mit.asia,Dr. C. L. Gogte,2375375 Ext.- 111,2375111 Ext.- 
"Mahatma Gandhi Missions College of Engineering, Hingoli Rd, Nanded.",Aurangabad,Urban,"Near Airport,Hingoli Road, Nanded",Nanded,,431605,02462,www.mgmcen.org,mgmcen@giasbm01.vsnl.net.in,  Dr. (Mrs.) Geeta S. Lathkar,222999 Ext.- , Ext.- 
"Maharashtra College of Engineering, Nilanga",Aurangabad,Urban,"Maharashtra Education Society's College of Engineering, Nilanga A/P Nilanga Dist. Latur ",Latur,,413521,02384,www.mce-nilanga.com,mcenilanga20@yahoo.com,Mr. D. R. Makane ,242088 Ext.- , Ext.- 
"M.S. Bidve Engineering College, Latur",Aurangabad,Rural,"P.O. Box No. 112, Barshi Road, Latur",Latur,,413531,02382,www.msbecl.ac.in,principal@msbecl.ac.in,Dr. A.M.Chimegave,221255 Ext.- 21,221846 Ext.- 
"Terna Public Charitable Trust's College of Engineering, Osmanabad",Aurangabad,Rural,"Solapur  Road, Osmanabad ",Osmanabad,,413501,02472,www.coeosmanabad.com,principal.coeo@yahoo.com,Dr. S.M. Jagade ,251011 Ext.- , Ext.- 
"Shree Tuljabhavani College of Engineering, Tuljapur",Aurangabad,Rural,"Naldurg Road, Tuljapur, Dist. Osmanabad",Osmanabad,,413601,02471,www.stbcet.org.in,stbcet@gmail.com,Prof N.D. Pergad,243603 Ext.- ,243603 Ext.- 
"M.G.M.'s Jawaharlal Nehru Engineering College, Aurangabad",Aurangabad,Urban,"Mahatma Gandhi Mission's Jawaharlal Nehru Engg. College Campus, N-6, CIDCO",Aurangabad,,431003,0240,www.jnec.ac.in,jnec@jnec.ac.in,"Dr Sudhir Deshmukh, M.E (Prod), Ph.D.",2482893 Ext.- 105,2325983 Ext.- 
"Mahatma Basaweshwar Education Society's College of Engineering, Ambejogai",Aurangabad,Rural,"Ambejogai, Beed",Beed,,431517,02446,www.coea.ac.in,khadakbhavibi@gmail.com,Dr.B.I.Khadakbhavi,247262 Ext.- ,2488882 Ext.- 
"Peoples Education Society's College of Engineering, Aurangabad",Aurangabad,Urban,"Nagasen Vana, Near Panchakki, University Rd., Aurangabad",Aurangabad,,431002,0240,www.pescoe.ac.in,principal@pescoe.ac.in,Prin. Dr. A. P. WADEKAR,2400031 Ext.- ,2400031 Ext.- 
"Hi-Tech Institute of Technology, Aurangabad",Aurangabad,Urban,"P-119, Bajajnagar, Aurangabad ",Aurangabad,,431133,0240,www.hitechengg.edu.in,principal@hitechengg.org,Dr. Prakash G. Kadam,2553496 Ext.- 14,2552240 Ext.- 
"Aditya Engineering College , Beed",Aurangabad,Rural,"Telgaon Road, Beed Tal.& Dist. Beed",Beed,,431122,02442,www.adityaeducation.org.in,principal.aditya@gmail.com,Dr. Manoj Kumar Verma,227038 Ext.- , Ext.- 
"Nagnathappa Halge Engineering  College, Parli, Beed",Aurangabad,Rural,"At Brahmwadi , Post Tokwadi, Parli-Beed State Highway, Parli Vaijnath Dist. Beed",Beed,,431530,02446,www.nhce.in,nhce1@hotmail.com,Dr. M. Bhaskara Rao,224334 Ext.- ,224334 Ext.- 
"Matsyodari Shikshan Sansatha's College of Engineering and Technology, Jalna",Aurangabad,Rural,"Jalna-Aurangabad Road, Nagewadi, Jalna",Jalna,,431203,02482,www.msscetjalna.org,msscetjalna@gmail.com,Dr. C.M. Sedani,262055 Ext.- 204,202533 Ext.- 
"Lokvikas Educational  & Charitable Trust, Savitribai Phule Women's Engineering College, Sharnapur, Aurangabad",Aurangabad,Urban,"Gut No. 59, (P), Sharnapur,Dist.  Aurangabad",Aurangabad,,431130,0240,spcoe.edu.in,spweca@gmail.com,Prof. P.R. Thorat,2040124 Ext.- 0240,2040124 Ext.- 0240
"Shri Sai Samajik Vikas Santha's Shri Sai Colllege of Engineering, Paddari Village Tal. & Dist. Aurangabad",Aurangabad,Rural,"Gut No. 80, Paddari Village,Near Beed bypass,via Deolai,Near Sai Mandir, Tal. & Dist. Aurangabad",Aurangabad,,431005,0240,www.saiengineeringcollege.in,appoint01@gmail.com,Dr. R.S.Ghadge,6453732 Ext.- 0240,6517388 Ext.- 0240
"Maharashtra Education Society's Maharashtra Udayagiri Institute of Management & Technology, Somnathpur",Aurangabad,Rural,"Vill. Somnathpur, Tal. Udgir. Dist. Latur",Latur,,413517,02385,www.muimt.ac.in,principalmuimt@gmail.com,Dr.Mugale Umesh ,256152 Ext.- ,257722 Ext.- 
"Geetai Charitable Trust's Khurana Sawant Institute of Engineering & Technology, Balsond, Hingoli.",Aurangabad,Rural,"Balsond, Tal.& Dist. Hingoli",Hingoli,,431513,02456,www.ksiet.org,ksiet_hingoli@yahoo.co.in,Prof. U. S. Sakhare,290281 Ext.- ,290282 Ext.- 
"Adarsh Shikshan Prasarak Mandal's K. T. Patil College of Engineering and Technology, Osmanabad",Aurangabad,Rural,"Keshav Nagar, Jadahavwadi Road, Osmanabad.Tal.  & Dist. Osmanabad",Osmanabad,,413501,02472,www.ktpcoe.org,ktpcoeo@rediffmail.com,Prof. Jamadar Syed Shafi,2283200 Ext.- ,2283099 Ext.- 
"Aurangabad College of Engineering,  Naygaon Savangi, Aurangabad",Aurangabad,Rural,"GatT No 52, TUljapur Shivar, Naygoan Savangi, Aurangabad",Aurangabad,,431003,0240,www.aurangabadengg.com,lokhande3000@gmail.com,chandrashekhar lokhande,2485686 Ext.- 0240, Ext.- 0240
"Marathwada Shikshan Prasarak Mandal's Shri Shivaji Institute of Engineering and Management Studies, Parbhani",Aurangabad,Urban,"Vasmat Road,Parbhani",Parbhani,,431401,02452,www.mspgroup.org,director.ssiems@yahoo.com,Prof. Balaji Gajananrao Bachewar,234109 Ext.- ,234109 Ext.- 
"Vilasrao Deshmukh Foundation Group of Institutions, Latur",Aurangabad,Urban,"Additional MIDC Area, Plot 165A, Near to Manjara Sugar, Latur",Latur,,413531,02382,www.vdfengineering.co.in,info.pharmacy@vdf.in,Dr.S.J.Arwikar / Prof. Wakure B.S.,267737 Ext.- ,267733 Ext.- 
"Balaghat Engineering College,Ruddha, Ahmedpur",Aurangabad,Rural,"Latur - Nanded Highway, Rudha, Ahmedpur, Taluka - Ahmedpur,Dist-Latur",Latur,,413515,02381,www.balaghatcollege.com,balaghat_eng@rediffmail.com,Dr.S.N.Agashe,279033 Ext.- 11, Ext.- 
"Sai Institute of Engineering & Technology, Bilda, Aurangabad.",Aurangabad,Rural,"Survey No.170, Sai Nagar,Aurangabad Ajanta Road,Jalgaon Highway,Village Bilda,Tal. Phulambri,",Aurangabad,,431008,0240,www.sietaurangabad.com,gangadharmundhe@gmail.com,S.S.Deshmukh,2020555 Ext.- ,2020555 Ext.- 
"International Centre of Excellence in Engineering & Management, Aurangabad.",Aurangabad,Rural,"Gut No.4,Opp.Bajaj Auto ltd. Infront of MIDC filtration plant,Aurangabad-Pune High way",Aurangabad,,431136,0240,www.iceemabad.com,director@iceemabad.com,Dr. Pramod A. Deshmukh,2558120 Ext.- , Ext.- 
"STMEI's Sandipani Technical Campus-Faculty of Engineering, Latur.",Aurangabad,Urban,"Gat No. 23, Kolpa Tq & Dist. Latur",Latur,,413512,02382,www.vit.edu/latur,badgireudhav@gmail.com,Dr.Mohan Buke,263546 Ext.- , Ext.- 
"V.J. Shinde College of Engineering, Osmanabad.",Aurangabad,Urban,"Gat No. 738, Waruda road, Osmanabad.",Osmanabad,,413501,02472,www.vjsengg.com,vjscoe2529@gmail.com,WAKURE SANJAY U,203205 Ext.- ,226007 Ext.- 
"CSMSS Chh. Shahu College of Engineering, Aurangabad",Aurangabad,Urban,"Kanchanwadi, Paithan Road, Aurangabad.",Aurangabad,,431002,0240,www.csmssengg.org,shahuengg@gmail.com,Dr. Ulhas B. Shinde,2379012 Ext.- ,6646370 Ext.- 
"Veermata Jijabai Technological Institute(VJTI), Matunga, Mumbai",Mumbai,Urban,"H.R. Mahajani Marg, Matunga, Mumbai ",Mumbai-City,,400019,022,www.vjti.ac.in,director@vjti.org.in,Dr. O G Kakde,24198101 Ext.- ,24198101 Ext.- 
"Sardar Patel College of Engineering, Andheri",Mumbai,Urban,"Munshi Nagar, Andheri (West),  Mumbai - Suburban ,Mumbai ",Mumbai-Suburban,,400058,022,www.spce.ac.in,principal@spce.ac.in,Dr. Priyadarshi H. Sawant,26232192 Ext.- 201,26708371 Ext.- 
"Dr. Babasaheb Ambedkar Technological University, Lonere",Mumbai,,"Vidyavihar, P.O. Lonere, Ta-Mangaon Dist. Raigad ",Raigad,,402103,02140,www.dbatu.ac.in,registrar@dbatu.ac.in,Dr.V. G. SARGADE ( I/c Registrar ),275142 Ext.- , Ext.- 
"Usha Mittal Institute of Technology SNDT  Women's University, Mumbai",Mumbai,Urban,"SNDT  Women's University, Mumbai Juhu Campus, Santacruz (W), Mumbai ",Mumbai-Suburban,,400049,022,www.umit.ac.in,umitsndt@rediffmail.com,Dr. Sanjay S. Pawar,26605183 Ext.- , Ext.- 
"Institute of Chemical Technology, Matunga, Mumbai",Mumbai,Urban,"Nathalal Parikh Marg, Matunga, Mumbai ",Mumbai-City,,400019,022,www.ictmumbai.edu.in,ar.acad@staff.ictmumbai.edu.in,Prof. G.D. Yadav,33611111 Ext.- 2222, Ext.- 
"Saraswati Education Society, Group of Institutions ( Integrated Campus), Diksal Dist. Raigad",Mumbai,Rural,"Sau.Vandana N.Tasgaonkar Technical Education Complex, Plot No.14, Village Diksal Post Koshane, Kalyan-Karjat Road,",Raigad,,410201,02148,www.tasgaonkartech.com,sesgoifoe3124@gmail.com,DR. ASHISH PANAT,96570684 Ext.- 56,225666 Ext.- 
"Manjara Charitable Trust's Rajiv Gandhi Institute of Technology, Mumbai",Mumbai,Urban,"Off. Juhu Versova Link Road, Versova, Andheri(W) Mumbai ",Mumbai-Suburban,,400053,022,www.mctrgit.ac.in,mctrgit02@gmail.com,Dr. Udhav Bhosle,26707026 Ext.- 101,26707025 Ext.- 101
"Vidyalankar Institute of Technology,Wadala, Mumbai",Mumbai,Urban,"Vidyalankar Educational Campus,Vidyalankar College Marg, Wadala(E), Mumbai ",Mumbai-City,,400037,022,www.vit.edu.in,principal@vit.edu.in,Dr. S A Patekar,24161126 Ext.- 1495,24161126 Ext.- 9001
"Jawahar Education Society's Annasaheb Chudaman Patil College of Engineering,Kharghar",Mumbai,Urban,"Sector 4,Ploat No-17,Kharghar, Navi Mumbai. Dist. Raigad ",Raigad,,410210,022,www.acpce.org,principal@acpce.org,Dr. Dileep G. Borse,27745722 Ext.- ,65252101 Ext.- 
"Saraswati Education Society, Yadavrao Tasgaonkar  Institute of Engineering & Technology, Karjat",Mumbai,Rural,"Near Bhiv puri Road Railway statiion Chandai ,Tal Karjat, Dist Raigad",Raigad,,410201,02148,www.tasgaonkartech.com,nanduyt@hotmail.com,Dr.P. Rajendra Prasad,320781 Ext.- 02148, Ext.- 
"Mahavir Education Trust's Shah & Anchor Kutchhi Engineering College, Mumbai",Mumbai,Urban,"Vaman Tukaram Patil Marg, Chembur, Mumbai",Mumbai-Suburban,,400088,022,www.shahandanchor.com,principal@shahandanchor.com,Prof.V.C.Kotak,25580854 Ext.- 120,67978100 Ext.- 120
"Saraswati Education Society's Saraswati College of Engineering,Kharghar Navi Mumbai",Mumbai,Urban,"Plot No 46/46 A, Sector 5 Near MSEB Sub Station Kharghar Navi Mumbai  Dist. Raigad ",Raigad,,410210,022,www.sce.edu.in,registrarsaraswati@gmail.com,DR.Manjusah Deshmukh,27743705 Ext.- 215,27743706 Ext.- 215
"Ramrao Adik Edu Soc, Ramarao Adik Institute of Tech., Navi Mumbai",Mumbai,Urban," Dr. D.Y. Patil Vidyanagar, Sector-7, Phase-I, Nerul, Navi Mumbai",Thane,,400706,022,www.rait.ac.in,ramraoadik@gmail.com,Dr. Ramesh Vasappanavara,27709574 Ext.- , Ext.- 
"M.G.M.'s College of Engineering and Technology, Kamothe, Navi Mumbai ",Mumbai,Urban,"At Junction of NH4 & Sion-Panvel Expressway,  Kamothe, Navi Mumbai ",Raigad,,410209,022,www.mgmmumbai.ac.in,principal.cet@mgmmumbai.ac.in,Dr. Santosh K. Narayankhedkar,27433421 Ext.- ,65138119 Ext.- 
"Thakur College of Engineering and Technology, Kandivali, Mumbai",Mumbai,Rural,"Thakur Shyamnarayan Marg,Thakur Village,Kandivali(E), Mumbai",Mumbai-Suburban,,400101,022,www.tcetmumbai.in,tcet@thakureducation.org,Dr.B.K.Mishra,67308000 Ext.- 106,67308000 Ext.- 110
"K.J.Somaiya College of Engineering, Vidyavihar, Mumbai",Mumbai,Urban,"Vidya_Nagar, Vidya Vihar, Mumbai ",Mumbai-Suburban,,400077,022,www.somaiya.edu/kjsce,principal.engg@somaiya.edu,DR. SHUBHA PANDIT,66449191 Ext.- , Ext.- 
"Thadomal Shahani Engineering College, Bandra, Mumbai",Mumbai,Urban,"37th Road, Off Linking Road, (Near National), Bandra (West), Mumbai ",Mumbai-Suburban,,400050,022,www.tsec.edu,gtthampi@yahoo.com,Prof. (Dr.) G.T.Thampi,26041631 Ext.- ,26047087 Ext.- 
"Anjuman-I-Islam's M.H. Saboo Siddik College of Engineering, Byculla, Mumbai",Mumbai,Urban,"8, M.H.Saboo Siddik Polytechnic Road, P.O.Box: 4627, Byculla ,Mumbai",Mumbai-City,,400008,022,www.mhssce.ac.in,aimhssce@gmail.com,Dr. Mohiuddin Ahmed,23012922 Ext.- 101, Ext.- 
"Fr. Conceicao Rodrigues College of Engineering, Bandra,Mumbai",Mumbai,Urban,"Father Agnel Ashram , Band-stand, Bandra (West), Mumbai",Mumbai-Suburban,,400050,022,www.fragnel.edu.in,crce@fragnel.edu.in,Dr. Srija Unnikrishnan,67114000 Ext.- ,67114101 Ext.- 
"Vivekanand Education Society's Institute of Technology, Chembur, Mumbai",Mumbai,Urban,"Hashu Advani Memorial Complex, Behind Collector Colony, R.C. Marg, Chembur, Mumbai",Mumbai-Suburban,,400074,022,www.vesit.edu,vesit@vsnl.com,Dr. (Mrs.) J. M. Nair ,61532532 Ext.- ,61532511 Ext.- 511
"N.Y.S.S.'s Datta Meghe College of Engineering, Airoli, Navi Mumbai",Mumbai,Urban,"P.B. No. 15, CIDCO Colony, Plot No. 98, Sector 3,  Airoli, Navi Mumbai ",Thane,,400708,022,www.dmce.edu,principaldmce@yahoo.com,Dr. S. D. Sawarkar,27791662 Ext.- 132, Ext.- 
"Padmabhushan Vasantdada Patil Pratishthans College of Engineering, Sion,Mumbai",Mumbai,Urban,"Padmabhushan Vasantdada Patil Education Complex, Eastern Express Highway, Near Everard Nagar,  Sion-Chunabhatti Mumbai ",Mumbai-City,,400022,022,www.pvppcoe.ac.in,principal@pvppcoe.ac.in,Dr. Rajendra R. Sawant,24070547 Ext.- 0181, Ext.- 
"Bharati Vidyapeeth College of Engineering, Belpada, Kharghar, Navi Mumbai",Mumbai,Urban,"Sector - 7,CBD- Belpada,Near  Kharghar Rly Station, Navi Mumbai ",Raigad,,400614,022,www.bvcoenm.org.in,mzshaikh2003@yahoo.co.in,Dr. M. Z. Shaikh,27572140 Ext.- 103,27571074 Ext.- 103
"Terna Engineering College, Nerul, Navi Mumbai",Mumbai,Urban,"Plot No. 12, Sector-22,Opp. Nerul Railway Station,Phase-II, Nerul (W),Navi Mumbai ",Thane,,400706,022,www.terna.org,principal@terna.org,Dr. SHAH DEVEN NAVINCHANDRA,61115444 Ext.- 401,61115401 Ext.- 
"Mandar Education Society's Rajaram Shinde College of Engineering, Pedhambe",Mumbai,Rural,"At Pedhambe, Po. Alore, Tal : Chiplun, Dist. Ratnagiri",Ratnagiri,,415603,02355,www.mandaredusoc.org,rscoedegree@gmail.com,DR.MAHAJAN S.R,230005 Ext.- 2008,230005 Ext.- 2009
"Smt. Indira Gandhi College of Engineering,Kopar Khairane, Navi Mumbai",Mumbai,Urban,"Sector-16,CIDCO, Plot No.17 &18 Koper Khairane, Navi Mumbai ",Thane,,400709,022,www.sigce.edu.in,contactus@sigce.edu.in,Dr. Sunil S. Chavan,27543608 Ext.- ,27545242 Ext.- 
"Shivajirao S. Jondhale College of Engineering, Dombivali,Mumbai",Mumbai,Rural,"Sheel Kalyan Highway, Behind Venkatesh Petrolpump, Sonarpada, Manpada Post, Dombivali (E) Thane ",Thane,,421204,0251,www.shivajiraojondhalecoe.org.in,officessjcoe@gmail.com,Dr. J.W. Bakal,6512222 Ext.- ,2023973 Ext.- 
"Vidyavardhini's College of Engineering and Technology, Vasai, Thane",Mumbai,Urban,"Vasai Road (W Rly), Tal: Vasai Dist : Thane",Palghar,,401202,0250,www.vcet.edu.in,vcet_inbox@vcet.edu.in,DR ASHOK V BHONSALE,2338234 Ext.- 111,2338234 Ext.- 111
"Lokmanya Tilak College of Engineering, Kopar Khairane, Navi Mumbai",Mumbai,Urban,"Sector - 4, Plot N0 17 & 18, Vikas Nagar, Koparkhairane, Navi Mumbai",Raigad,,400709,022,www.ltce.ltjss.net,principal.ltce@ltjss.net,Dr. (Mr ) VIVEK YAKKUNDI,27541005 Ext.- , Ext.- 
"Agnel Charities' FR. C. Rodrigues Institute of Technology, Vashi, Navi Mumbai",Mumbai,Urban,"Sector 9-A,  Vashi, Navi Mumbai,",Thane,,400703,022,www.fcrit.ac.in,principalfcrit@gmail.com,Dr. Rollin Fernandes,41611000 Ext.- 123,41611013 Ext.- 123
"Konkan Gyanpeeth College of Engineering, Karjat",Mumbai,Urban,"Vengaon Road, Dahivali, Karjat",Raigad,,410201,02148,www.kgce.org,kgce@vsnl.net,Dr.Madhukar J.Lengare,222580 Ext.- 202,222580 Ext.- 
"Shri Vile Parle Kelvani Mandal's Dwarkadas J. Sanghvi College of Engineering, Vile Parle,Mumbai",Mumbai,Urban,"Plot No. U-15, J.V.P.D. Scheme, Bhaktivedanta Swami Marg, Vile Parle (West), Mumbai",Mumbai-Suburban,,400056,022,www.djsce.ac.in,info@djsce.ac.in,Dr. Hari Vasudevan,26183892 Ext.- ,26183892 Ext.- 
"Hope Foundation and research center's  Finolex Academy of Management and Technology, Ratnagiri",Mumbai,Urban,"P- 60, P-60/1, MIDC, Mirjole Block, Ratnagiri",Ratnagiri,,415639,02352,www.famt.ac.in,admin@famt.ac.in,DR. SHASHIKANT S. GOILKAR,229657 Ext.- ,229569 Ext.- 200
"Rizvi Education Society's Rizvi College of Engineering, Bandra,Mumbai",Mumbai,Urban,"Rizvi Educational Complex, Off Carter Road, Sherly Rajan Village, Bandra (W), Mumbai ",Mumbai-Suburban,,400050,022,www.eng.rizvi.edu.in,info@eng.rizvi.edu.in,Dr. Varsha Shah,26052072 Ext.- 140, Ext.- 
Rajendra Mane College of Engineering & Technology  Ambav Deorukh,Mumbai,Rural,"At - Ambav (Devrukh).Tal Sangameshwar,Dist.- Ratnagiri",Ratnagiri,,415804,02354,www.rmcet.com,info@rmcet.com,Dr. G. V. Mulgund,240992 Ext.- 202,249609 Ext.- 
"Atharva College of Engineering,Malad(West),Mumbai",Mumbai,Urban,"S. No. 263, Plot No. 8-12, Malad-Marve Rd, Charkop Naka, Malad(W), Mumbai",Mumbai-Suburban,,400095,022,www.atharvaeducation.com,ace@atharvaeducation.com,Dr. SHRIKANT KALLURKAR,40294949 Ext.- 185,40294907 Ext.- 185
"St. Francis Institute of Technology,Borivali, Mumbai",Mumbai,Urban,"Mount Poinsur, S.V.P. Road, Borivali ( W ), Mumbai ",Mumbai-Suburban,,400103,022,www.sfitengg.org,sfedu@sfitengg.org,Dr. A. K. Sen,28928585 Ext.- , Ext.- 
"S.S.P.M.'s College of Engineering, Kankavli",Mumbai,Rural," A/P-Harkul Budruk, Tal- Kankavali. Dist-Sindhudurg",Sindhudurg,,416602,02367,www.sspmcoe.ac.in,sspmcoe@gmail.com,Dr. A. K. Bhat,233812 Ext.- , Ext.- 
"M.E.S  Pillai's  Institute of Information Technology, Engineering Media Studies and Research,New Panvel",Mumbai,Urban,"Dr. K.M.Vasudevan Pillais' Campus Plot No. 10, Sector 16, New Panvel, Dist.Raigad",Raigad,,410206,022,www.piit.ac.in,principalpiit@mes.ac.in,Dr. R.I.K Moorthy,27456100 Ext.- 109,27451700 Ext.- 101
"Don Bosco Institute of Technology, Mumbai",Mumbai,Urban,"Premier Automobiles Road,Opp. Fiat Company, Kurla (West), Mumbai ",Mumbai-Suburban,,400070,022,www.dbit.in,dbit@dbit.in,Dr. Prasanna Nambiar,25042018 Ext.- 113,25040508 Ext.- 113
"K J Somaiya Institute of Engineering and Information Technology, Sion, Mumbai",Mumbai,Urban,"Somaiya Auryvihar Complex,  Near Everard Nagar Eastern Express Highway, Sion (East), Mumbai",Mumbai-Suburban,,400022,022,www.somaiya.edu/vidyavihar/kjsieit,principal.tech@somaiya.edu,Dr. Dilip Rambhau Pangavhane,24080331 Ext.- 401,24061401 Ext.- 
"Excelsior Education Society's K.C. College of Engineering and Management Studies and Research, Kopri, Thane (E)",Mumbai,Urban,"Mith bunder Road, Near Sadguru Gardens, Kopri, Thane (E)",Thane,,400603,022,www.kccoe.org,kcce21@hotmail.com,Dr. Hansraj Guhilot,25327100 Ext.- 214, Ext.- 
"S.I.E.S. Graduate School of Technology, Nerul, Navi Mumbai",Mumbai,Urban,"Sri. Chandrsekarendra Saraswathy Vidyapuram, Sector-5, Plot 1C&1E, Nerul Dist. Raigad ",Raigad,,400706,022,www.siesgst.net,siesgst@siesgst.net,Dr.Alka Mahajan,27716969 Ext.- 100,27718780 Ext.- 
"Watumull Institute of Electronics Engineering and Computer Technology, Worli, Mumbai",Mumbai,Urban,"47, Dr. R.G. Thadani Marg, (near  Venus Apartment)  Worli, Mumbai",Mumbai-City,,400018,022,www.watumull.edu,principal@watumull.edu,DR.SUNITA SHARMA,24974858 Ext.- , Ext.- 
"Xavier Institute Of Engineering C/O  Xavier Technical Institute,Mahim,Mumbai",Mumbai,Urban,"Opposite S.L.Raheja Hospital, Mahim Causeway, Mahim(W),   Mumbai",Mumbai-City,,400016,022,www.xavierengg.com,office@xavierengg.com,Dr. Y. D. Venkatesh,24451961 Ext.- 201, Ext.- 
"Bhartiya Vidya Bhavan's Sardar Patel Institute  of Technology , Andheri, Mumbai",Mumbai,Urban,"Bhavan's Campus, Versova Road, Munshi Nagar, Andheri (West), Mumbai",Mumbai-Suburban,,400058,022,www.spit.ac.in,principal@spit.ac.in,Dr. Prachi Gharpure ,26287250 Ext.- 305, Ext.- 
"Gharda Foundation's Gharda Institute of Technology,Khed, Ratnagiri",Mumbai,Rural,"A & Po. Lavel Tal Khed,  Dist. Ratnagiri",Ratnagiri,,415708,02356,www.git-india.edu.in,principal@git-india.edu.in,Dr. Pandurang Shripati Kadam,262798 Ext.- 101, Ext.- 
"Vighnaharata Trust's  Shivajirao S. Jondhale College of Engineering & Technology, Shahapur, Asangaon, Dist Thane",Mumbai,Rural,"At Asangaon, Tal Shahapur, Opp Railway station, Dist : Thane",Thane,,421601,02527,www.jondhleengg.org,vjtsscoe@rediffmail.com,Dr. PRASHANT S. SONARE,273999 Ext.- 02527,27644021 Ext.- 022
"Aldel Education Trust's St. John College of Engineering & Technology, Vevoor, Palghar",Mumbai,Rural,"St. John Technical Education Complex, Village Vevoor,Manor Road  Palghar (E), District. Thane",Palghar,,401404,02525,www.sjcet.co.in,sjcet.aldel@rediffmail.com,Dr.Satish Takalikar,254846 Ext.- 104,0 Ext.- 0
"Koti Vidya Charitable Trust's  Smt. Alamuri Ratnamala Institute of Engineering and Technology,  Sapgaon, Tal. Shahapur",Mumbai,Rural,"Sapgaon, Taluka Shahapur  Dist. Thane",Thane,,421601,02527,www.armiet.com,lsb@armiet.com,Dr. LAVENDRA S BOTHRA,212221 Ext.- ,212222 Ext.- 
"Saraswati Education Society, Yadavrao Tasgaonkar College of Engineering and Management, Nasarapur, Chandai, Karjat",Mumbai,Rural,"Chandhai, Neral - Kadav Raod, Post Nasrapur, Taluka Karjat, Dist. Raigad",Raigad,,410201,02148,www.tasgaonkartech.com,sesytcem@gmail.com,Dr.S.K. Ukarande,321524 Ext.- 02148,321524 Ext.- 02148
"Late Shri. Vishnu Waman Thakur Charitable Trust, Viva Institute of Technology, Shirgaon",Mumbai,Rural,"Shirgaon, At. Post Virar, Tal. Vasai. Thane ",Palghar,,401303,0250,www.viva-technology.org,contact@viva-technology.org,Dr. Arun Kumar,6965620 Ext.- 101,6990999 Ext.- 101
"Haji Jamaluddin Thim Trust's Theem College of Engineering, At. Villege Betegaon, Boisar",Mumbai,Rural,"At Village Betegaon,Boisar Chillhar Road , Near Union Park,  Boisar(E), Tal: Palghar, Dist. Thane",Palghar,,401501,02525,www.theemcoe.org,info@theemcoe.org,Dr. N. K. RANA,284909 Ext.- 103,284926 Ext.- 103
"Mahatma Education Society's Pillai's College of HOCL College of Engineering & Technology, Rasayani via Panvel",Mumbai,Rural,"Rasayani, Via Panvel. Dist. Raigad ",Raigad,,410207,02192,www.mes.ac.in,shahpragnesh.n@gmail.com,Dr. Chelpa Lingam,252005 Ext.- ,250066 Ext.- 
"Leela Education Society, G.V. Acharya Institute of Engineering and Technology, Shelu, Karjat",Mumbai,Urban,"Shelu/Damat Village, (Opp. Shelu Rly Station), Tal. Karjat. Dist. Raigad",Raigad,,410201,02148,www.leelaeducationsociety.org,principalgvaiet@yahoo.com,Dr. Nishikant G. Joag,229628 Ext.- ,229628 Ext.- 
"Leelavati Awhad Institute of Technology,Management Studies & Research, Badlapur(W)",Mumbai,Rural,"Kanhor, Badlapur(w).,Tal- Ambernath. Dist. Thane ",Thane,,421504,0251,www.lait.in,laitmsr2010@rediffmail.com,Dr.S.N.BARAI,2665001 Ext.- , Ext.- 
"Dilkap Research Institute Of Engineering and Management Studies, At.Mamdapur, Post- Neral, Tal- Karjat,  Mumbai",Mumbai,Rural,"Village At.Mamdapur, Post- Neral, Tal- Karjat,  Dist.Raigadh",Raigad,,410101,02148,www.driems.in,sumaneducationaltrust@gmail.com,Dr. Ajoy Kumar,651806 Ext.- ,651806 Ext.- 
"Shree L.R. Tiwari College of Engineering, Mira Road, Mumbai
",Mumbai,Urban,"Survey no. 267, Near Commisioner's Bungalow,Kanakiya Park,Mira Road (E)Thane",Thane,,401107,022,www.slrtce.in,slrtce@rahuleducation.com,Dr.S. Ram Reddy,65142376 Ext.- 209,65295732 Ext.- 209
"B.R. Harne College of Engineering & Technology, Karav, Tal-Ambernath.",Mumbai,Rural,"At.Karav, Post Vangani(w), Tal. Ambernath, Dist. Thane ",Thane,,421503,0251,www.brharnetc.edu.in,jsiddhivinayakf@gmail.com,Dr. Vikram A. Patil ,2910190 Ext.- ,2910193 Ext.- 
"Anjuman-I-Islam's Kalsekar Technical Campus, Panvel",Mumbai,Urban,"Plot No.2, 3 Sector - 16, Khandgaon, Thane Naka, Panvel Dist. Raigad ",Raigad,,410206,022,www.aiktc.org,aiktc.newpanvel@gmail.com,ABDUL RAZZAK HONNUTAGI,27481247 Ext.- ,27481249 Ext.- 
"Metropolitan Institute of Technology & Management, Sukhalwad, Sindhudurg.",Mumbai,Rural,"At Village Sukhalwad, Near Sindhudurg Railway Station, Post Oras, Tal. Malvan Dist. Sindhudurg",Sindhudurg,,416534,02362,www.mitmindia.in,jbfmumbai@gmail.com,Dr.Prakash A.Hubballi,228553 Ext.- ,228553 Ext.- 
"Vishvatmak Jangli Maharaj Ashram Trust's Vishvatmak Om Gurudev College of Engineering, Mohili-Aghai, Shahpur.",Mumbai,Rural,"At - Mohili, Post. Aghar, Taluka Shahapur, Dist. Thane",Thane,,421301,02527,www.vishwatmakengg.com,vishwatmakgurudev01@gmail.com,Dr.Ajay Sudhir Radke,249001 Ext.- 217, Ext.- 
"G.M.Vedak Institute of Technology, Tala, Raigad.",Mumbai,Rural,"At Post Taluka. Tala, Dist. Raigad ",Raigad,,402111,02140,www.gmvit.com,gmvedakit@gmail.com,"Dr.M.M.Mulkutkar, Principal",269004 Ext.- ,269004 Ext.- 
"Vidya Vikas Education Trust's Technical Campus, ",Mumbai,Urban,"Kaman Bhiwandi Road, S.N. 146(Part), Kaman, Thane ",Palghar,,401202,0250,www.universal.edu.in,Engineering@universal.edu.in,Dr.Jitendra B. Patil,6962458 Ext.- ,2210044 Ext.- 
"VPM's Maharshi Parshuram College of Engineering, Velneshwar, Ratnagiri.",Mumbai,Rural,"At Post Velneshwar, Hedvai-Guhagar Road, Guhagar,Ratnagiri.",Ratnagiri,,415729,02359,www.vpmmpcoe.org,info@vpmmpcoe.org,Dr. K.D.Desai/Dr.Shilpa Kamat,205237 Ext.- , Ext.- 
"Ideal Institute of Technology, Wada, Dist.Thane",Mumbai,Rural,"40, Pasheri Village, Pimplaj road, Taluka Wada, Dist.Thane. ",Palghar,,421303,02526,www.idealwada.com,idealinstituteoftechnology13@gmail.com,Dr. Nemi Chand Bogawat,76780020 Ext.- 00, Ext.- 
"Vishwaniketan's Institute of Management Entrepreneurship and Engineering Technology(i MEET), Khalapur Dist Raigad",Mumbai,Rural,"Survey No. 52 Kumbhivali, On Mumbai-Pune Expressway, Near Khalapur Toll Naka ,Tal-Khalapur, Dist- Raigad",Raigad,,410202,2192,www.vishwaniketan.edu.in,mail.vishwaniketan@gmail.com,Dr. B. R. Patil,274208 Ext.- ,274208 Ext.- 
"New Horizon Institute of Technology & Management(Womens College), Thane",Mumbai,Urban,"Anand Nagar, Kavesar, Off. Ghodbunder Road, Thane(W)",Thane,,400615,022,www.nhitm.org,nhitm2014@gmail.com,Dr.Vilas B.Shinde,25971778 Ext.- ,25975102 Ext.- 
"A. P. Shah Institute of Technology, Thane",Mumbai,Urban,"Survey No. 12, Opp. Hypercity Mall, Kasarvadavali, Ghodbunder Road, Thane (W)",Thane,,400615,022,www.apsit.org.in,principal@apsit.org.in,Dr. Uttam D. Kolekar,25973737 Ext.- , Ext.- 
"Chhartrapati Shivaji Maharaj Institute of Technology, Shedung, Panvel",Mumbai,Urban,"92A/1, Old Mumbai Pune Highway, Near Shedung Toll naka Village Shedung, Panvel, Dist Raigad",Raigad,,402107,0,,,Abhishek Jain, Ext.- , Ext.- 
"Government College of Engineering, Chandrapur",Nagpur,Urban,"Ballarsha Bypass Road,Chandrapur ",Chandrapur,,442403,07172,www.gcoec.ac.in,gcoechandrapur@gmail.com,Dr.  G. G.Bhutada,230478 Ext.- ,230299 Ext.- 
"Laxminarayan Institute of Technology, Nagpur",Nagpur,Urban,"L.I.T.Premises, Opposite Bharatnagar, Amravati Road, Nagpur",Nagpur,,440033,0712,www.nagpuruniversity.org/litnagpur,yenkiemskm@rediffmail.com,Dr.M.K. N. Yenkie,2561107 Ext.- ,2531659 Ext.- 
"Kavi Kulguru Institute of Technology & Science, Ramtek",Nagpur,Rural,"K. K. Nagar, Ramtek, Nagpur - 441 106  ",Nagpur,,441106,07114,www.kits.edu,principal@kits.edu,Dr.  Bhaskar Patel,255309 Ext.- 221,255047 Ext.- 
"Shri Ramdeobaba College of Engineering and Management, Nagpur",Nagpur,Urban,"Gittikhadan, Katola  Road, Nagpur",Nagpur,,440013,0712,www.rknec.edu,admission@rknec.edu,Dr. R. S. Pande,2580011 Ext.- ,2583239 Ext.- 
"Yashwant Rural Education Society's Bapurao Deshmukh Engineering College,Sevagram",Nagpur,Rural,"P.O.Sevagram,Dist-Wardha",Wardha,,442102,07152,www.bdce.edu.in,princi.bdces@gmail.com,Dr.M.A.Gaikwad,284378 Ext.- ,284030 Ext.- 
"Lokmanya Tilak Jankalyan Shikshan Sanstha, Priyadarshani College of Engineering, Nagpur ",Nagpur,Rural,"Near CRPF Campus, Hingna Road, Nagpur ",Nagpur,,440019,07104,www.pce.ltjss.net,principal.pce@ltjss.net,Dr. M. P. Singh,236381 Ext.- 737,237285 Ext.- 
"Sanmarg Shikshan Sanstha's Smt. Radhikatai Pandav College of Engineering, Nagpur",Nagpur,Urban,"Near Dighori Naka, Umrer Road, Bhadura, Nagpur",Nagpur,,441204,07103,www.srpce.ac.in,admin@srpce.ac.in,Dr. Prabhakar Sakharam Charpe,663603 Ext.- ,663603 Ext.- 
"Guru Nanak Institute of Engineering & Technology,Kalmeshwar, Nagpur",Nagpur,Rural,"Khasara No-94,95&164/1,Mauza Dahegaon,Opposite IOC Prtrol Pump,Kalmeshwar, Nagpur",Nagpur,,441501,07118,www.gniet.ac.in,gnietnagpur@gmail.com,Dr.Narendra V. Deshpande,661400 Ext.- ,661400 Ext.- 
"Amar Seva Mandal's Shree Govindrao Vanjari College of Engineering &  Technology, Nagpur",Nagpur,Rural,"Survey No. 148/149, Salai Godhani, Near Chikna Village, Hudakeshwar Road, Nagpur",Nagpur,,441204,0712,www.gwcet.ac.in,gwcet@rediffmail.com,Dr. Sadanand B. Deshpande,2742308 Ext.- 0712,2742308 Ext.- 
"Lokmanya Tilak Jankalyan Shikshan Sastha, Priyadarshini J. L. College Of Engineering, Nagpur",Nagpur,Urban,"846, Nandanvan, Nagpur ",Nagpur,,440009,0712,www.jlcce.ltjss.net,principaljlcce@gmail.com,DR.A.M.Shende,2711505 Ext.- ,2712490 Ext.- 
"Sir Shantilal Badjate Charitable Trust's S. B. Jain Institute of technology, Management & Research, Nagpur",Nagpur,Rural,"Behind Asarambapu Ashram Village, Yerala, Katol Road, Nagpur ",Nagpur,,441501,0712,www.sbjit.edu.in,ceo@sbjit.edu.in,Dr. N. G. Bawane,2667777 Ext.- ,2667666 Ext.- 
"Jaidev Education Society, J D College of Engineering and Management, Nagpur ",Nagpur,Rural,"At Khandala, Post Vaini Katol Road, Nagpur",Nagpur,,441501,0712,www.jdcoem.ac.in,principal@jdcoem.ac.in,Dr. S. R. Chaudhari ,2023003 Ext.- ,2682619 Ext.- 
"Samridhi Sarwajanik Charitable Trust, Jhulelal Institut of Technology, Nagpur",Nagpur,Urban,"Kh. No.72, 68/1, 68/2, 68/3, Lonara Dist. Nagpur",Nagpur,,441111,0712,www.jit.org.in,admin@jit.org.in,DR. S.S.Limaye,2668233 Ext.- 0712,2532240 Ext.- 0712
"Bhausaheb Charitable Trust's Bhausaheb Mulik College of Engineering, Nagpur",Nagpur,Rural,"P-73, OSP 73, MIDC, Butibori, Nagpur ",Nagpur,,441122,07103,www.bmce.edu.in,bmcoe.butibori@gmail.com,Dr.R.H.Parikh,202535 Ext.- , Ext.- 
"Shriram Gram Vikas Shikshan Sanstha, Vilasrao Deshmukh College of Engineering and Technology, Nagpur",Nagpur,Rural,"Sr. No.121, 262, At Mouza, Taluka Mauda, Bhandara Road, Nagpur ",Nagpur,,441104,07115,www.vdcet.com,vdcoe_ngp@hotmail.com,Dr. C. S. Burande,281254 Ext.- 07115, Ext.- 
"Ankush Shikshan Sanstha's G. H. Raisoni Institute of Engineering & Technology for Women, Nagpur",Nagpur,Rural,"MIDC, Near Facor, Higna Wadi Road, Nagpur ",Nagpur,,440028,07104,www.ghrietw.raisoni.net,ghrietw@raisoni.net,Dr. S.B. Jaju,234501 Ext.- ,234501 Ext.- 
"Sanmarg Shikshan Sanstha, Mandukarrao Pandav College of Engineering, Bhandara,Nagpur",Nagpur,Rural,"Sr. No.183/1, Billewada, Taluka & Dist Bhandara",Bhandara,,441912,07184,WWW.MPCE.ORG.IN,mpce@rediffmail.com,P Nageshwarrao,71843094 Ext.- 00, Ext.- 
"Shri. Sai Shikshan Sanstha, Nagpur Institute of Technology, Nagpur",Nagpur,Urban,"Sr. No.13/2, Mahurzari, Katol Road, Taluka & Dist Nagpur ",Nagpur,,441501,0712,www.nit.edu.in,nit.registrar@gmail.com,Dr. Surendra Gole,3223477 Ext.- 100,2023055 Ext.- 
"Wainganga College of Engineering and Management, Dongargaon, Nagpur",Nagpur,Urban,"Dongargoan, Near Gumgaon Railway Station, Post - Gumgaon, Wardha road, Nagpur",Nagpur,,441114,07103,www.wcem.in,wcem@rediffmail.com,Dr.Ankush Mankar,203728 Ext.- 7103,202007 Ext.- 7103
"Backward Class Youth Relife Commitee's Umrer College of Engineering, Umrer",Nagpur,Rural,"State Highway No.9, Opp. W. C. L., Umrer Project, Umrer, Nagpur",Nagpur,,441204,07116,www.ucoe.org.in,dratulcwaghmare@rediffmail.com,Dr. A.C. Waghmare,247317 Ext.- ,247823 Ext.- 11
"K.D.K. College of Engineering, Nagpur",Nagpur,Urban," Great Nag Road, Nandanvan, Nagpur",Nagpur,,440009,0712,www.kdkce.edu.in,kdkce_ngp9@sancharnet.in,Dr. D. P. Singh,2710030 Ext.- 206,2711400 Ext.- 206
"Vidarbha Bahu-Uddeshiya Shikshan Sanstha's Tulshiramji Gaikwad Patil College of Engineering & Technology, Nagpur",Nagpur,Rural,"Kh. No. 8/1, Mohgaon,Wardha Road,Nagpur ",Nagpur,,441108,0712,www.tgpcet.com,vidarbhabuss@yahoo.co.in,Dr. G. K. AWARI,6648252 Ext.- 0712,645411 Ext.- 07103
Rajiv Gandhi College of Engineering Research & Technology  Chandrapur,Nagpur,Urban,Ballarpur Road Babupeth Dist. Chandrapur,Chandrapur,,442403,07172,www.rcert.ac.in,principal@rcert.ac.in,Dr. Kirtiwardhan R. Dixit,225168 Ext.- 201,225286 Ext.- 
"Gondia Education Society's Manoharbhai Patel Institute of Engineering and Technology, Gondia",Nagpur,Rural,"Kudwa,  Dist. Gondia ",Gondiya,,441614,07182,www.mietgondia.in,principal_miet@rediffmail.com,Dr. S.S. Rathore,252033 Ext.- 205,252158 Ext.- 
"Yeshwantrao Chavan College of Engineering,Wanadongri, Nagpur",Nagpur,Rural,"Hingna Road, Wanadongri, Nagpur  441110",Nagpur,,441110,07104,www.ycce.edu,principal@ycce.edu,DR. U.P. WAGHE,237919 Ext.- 202,329250 Ext.- 202
"Lokmanya Tilak Jankalyan Shikshan Sanstha's , Priyadarshini Institute of Engineering and Technology, Nagpur",Nagpur,Urban,"Mouza Shivangaon , Khasara, 1/1A, 1909/12C, Near CRPF Campus, Hingna Road, Nagpur",Nagpur,,440019,07104,www.piet.ltjss.net,viveknanoti@gmail.com,Dr. V.M. Nanoti,236463 Ext.- ,236448 Ext.- 
"Anjuman College of Engineering & Technology, Nagpur",Nagpur,Urban,"Mangalwari Bazar Road, Sadar, Nagpur",Nagpur,,440001,0712,www.anjumanengg.edu.in,eng_acet@rediffmail.com,Prof.(Dr.) Sajid Anwar,6604502 Ext.- ,2583559 Ext.- 
"National Power Training Institute, Nagpur (Under the Ministry of Power,(Govt. of India) ",Nagpur,Urban,"South Ambazari Road,  Gopal Nagar,(Opp VNIT),Nagpur ",Nagpur,,440022,0712,www.nptinagpur.com,director@nptinagpur.com,Shri A. G. Vinchurkar,2231478 Ext.- ,2226176 Ext.- 301
"ST. Vincent Pallotti College of Engineering & Technology, Nagpur",Nagpur,Rural,"Gavsi Manapur, Wardha Road,  Nagpur",Nagpur,,441108,07103,www.stvincentngp.edu.in,info@stvincentngp.edu.in,Dr. V.V. Sohoni,275951 Ext.- 105, Ext.- 
"JMSS Shri Shankarprasad Agnihotri College of Engineering, Wardha",Nagpur,Rural,"Agnihotri College Campus, Bapujiwadi, Ramnagar, Wardha ",Wardha,,442001,07152,www.agnihotrigroup.org,vikramrok@rediffmail.com,Dr. Rajkishor M. Tugnayat,250007 Ext.- ,232552 Ext.- 
"Priyadarshini Bhagwati  College of Engineering, Harpur Nagar, Umred Road,Nagpur",Nagpur,Urban,"Harpur Nagar, Umrer Road, Nagpur",Nagpur,,440024,0712,www.bcce.ltjss.net,principalpbcoe@gmail.com,Dr. N. K. Choudhari,2710282 Ext.- ,2710281 Ext.- 
"Rajiv Gandhi College of Engineering & Research, Hingna Road, Nagpur",Nagpur,Rural,"Wanadongari, Hingna Road, Nagpur ",Nagpur,,441110,07104,www.rgcer.edu.in,rgcerngp@gmail.com,Dr. A.V. Bapat,287950 Ext.- , Ext.- 
"Lokmanya Tilak Jankalyan Shiksan Sanstha, Priyadarshini Indira Gandhi College of Engineering, Nagpur ",Nagpur,Rural,"Opp. Lata Mangeshkar Hospital, Hingana Road, Nagpur",Nagpur,,440019,07104,www.pice.ltjss.net,g.m.asutkar@gmail.com,Dr. G.M.ASUTKAR,232545 Ext.- 07104,232545 Ext.- 07104
"Backward Class Youth Relief Committee's Shrimati Rajashri Mulak College of Engineering for Womens, Nagpur",Nagpur,Urban,"KDK College Campus, Great Nag Road, Nandanvan, Nagpur ",Nagpur,,440009,0712,www.srmcew.edu.in,principal_srmcew@yahoo.com,Dr. Pushpa Devnani,6462573 Ext.- ,2716411 Ext.- 
"Sarvasiddhanta Education Soc's Nuva College of Engineering and Technology, Nagpur",Nagpur,Rural,"146,149,150 & 153,Nagpur Katol Highway, Khapri(Kothe),Tal.Kalmeshwar, Nagpur",Nagpur,,441501,07118,www.nuvaedu.com,info@nuvaedu.com,Dr.A.S.Khan,661105 Ext.- ,0 Ext.- 
"Om Arunodaya Bahuuddeshiya Khadi Garmudyog Vikas Sanstha's Om College of Engineering, Inzapur, Wardha",Nagpur,Rural,"Lloyd Steel Industrial Limited, Hinganghat Road,  Inzapur, Wardha ",Wardha,,442001,07152,www.omcoe.com,glpworld@rediffmail.com,Dr S D Chede ,285252 Ext.- , Ext.- 
"Shree Bapuraoji Deshmukh Foundation, Suresh Deshmukh College of Engineering, Selukate, Wardha",Nagpur,Rural,"Selukate, Survey No. 161, Mauje Selu Kate, Dist. Wardha ",Wardha,,442001,07152,www.sdce.edu.in,princi.sdces@gmail.com,Dr S. V. DESHMUKH,282533 Ext.- ,282333 Ext.- 
"Datta Meghe Institute of Medical Science's Datta Meghe Institute of Engineering & Technology & Research, Savangi (Meghe)",Nagpur,Urban,Wardha Yavatmal Road Wardha,Wardha,,442004,07152,www.dmietr.edu.in,principal_dmietr@yahoo.com,Dr. Sachin Purushottam Untawale,201703 Ext.- , Ext.- 
"Dr. Babasaheb Ambedkar College of Engineering and Research, Wanadongri, Nagpur",Nagpur,,"Wanhadongri, Hingna Road, Nagpur ",Nagpur,,441110,07104,www.svsscer.edu.in,svssngp@gmail.com,Dr. V.H. Tatwawadi,232406 Ext.- ,232406 Ext.- 
"Krushi Jivan Vikas Pratishthan, Ballarpur Institute of Technology, Mouza Bamni",Nagpur,Rural,"Bamani, Rajapura Road, Tal. Ballarpur. Chandrapur",Chandrapur,,422401,07172,www.bitedu.co.in,bit.ballarpur@gmail.com,Dr. M. Basavaraj,243061 Ext.- ,243089 Ext.- 
"Sardar Patel Memorial Society's Namdevrao Poreddiwar College of Engineering and Technology, Gadchiroli",Nagpur,,"At Mouza Boldi, Dhanopra Road, Tal & Dist. Gadchiroli",Gadchiroli,,442605,07132,www.npcet.ac.in,principal.ncet@gmail.com,Dr. Pravin A.Potdukhe,237862 Ext.- ,237862 Ext.- 
"M.D. Yergude Memorial Shikshan Prasarak Mandal's Shri Sai College of Engineering & Technology, Badravati
",Nagpur,Rural,"Near Village Lonara, Nagpur Road, Badravati Dist. Chandrapur ",Chandrapur,,442902,07175,www.sscet.in,mdyergude@yahoo.com,DR. J.F.AGRAWAL,230723 Ext.- ,230723 Ext.- 
"Mehmuda Shikshan & Gramin Mahila Vikas Bahuudeshiya Sanstha, Central India College of Engineering & Technology, Lonara",Nagpur,Urban,"S.No. 25/1, 25/3, Khasra No. 24, Lonara, Tal. Lonara, Dist. Nagpur",Nagpur,,441111,0712,www.cicet.org,principalcicet@gmail.com,Dr.Pramod Patil,6056333 Ext.- ,6056222 Ext.- 
"Maitraya Education Society, Nagarjuna Institute of Engineering Technology & Management, Nagpur
",Nagpur,Rural,"Khasara No. 27, 32-B, At Satnavari, Amravati Road, Nagpur ",Nagpur,,440023,07118,www.nietm.in,maitrey.ngp@gmail.com,Dr. Sunil M.Rangari,322212 Ext.- 07118, Ext.- 
"K.D.M. Education Society, Vidharbha Institute of Technology,Umred Road ,Nagpur",Nagpur,Rural,"Gram UTI, Umred Road, Nagpur",Nagpur,,441209,07116,www.vitnagpur.com,kdmsociety@gmail.com,Dr. Manoj B Daigavane,281155 Ext.- , Ext.- 
"Nav Disha Education Soc, Acharya Vinoba Bhave Institute of Technology ,Mauza-Pawnar,Wardha",Nagpur,,"At Post Pavanar, Dist. Wardha",Wardha,,442111,07152,www.abvit.org,avbit2008@rediffmail.com,Prof.B.P. Argulwar,93733950 Ext.- ,93733950 Ext.- 
"Gurunanak Educational Society's Gurunanak Institute of Engineering and Management, Nagpur",Nagpur,Rural,"Dahegaon, Kalmeshwar Road, Nagpur",Nagpur,,441501,07118,www.gniem.ac.in,gniemnagpur@gmail.com,Dr. Narendra M Kanhe,661450 Ext.- ,2234333 Ext.- 
"Jai Mahakali Shikshan Sanstha, Agnihotri College of Engineering, Sindhi(Meghe)
",Nagpur,Rural,"Nagthana Road, Near Bypass Highway Road, Sindhi (Meghe). Wardha ",Wardha,,442001,07152,www.agnihotrigroup.org,ajayshelke.000@rediffmail.com,Prof. Rahul Ingle,250152 Ext.- ,240527 Ext.- 
" V M Institute of Engineering and Technology, Dongargaon, Nagpur",Nagpur,Rural,"Dhutte village , Near Dongargaon, Wardha Road, Nagpur",Nagpur,,440010,07103,www.vmit.org.in,vmiet.ngp@gmail.com,Dr. S.S. KHANDARE,6650243 Ext.- 0712,645689 Ext.- 07103
"ITM College of Engineering, Nagpur",Nagpur,Rural,"Near Madhi Mandir, Ghorpad Road, Kamptee, Dist-Nagpur",Nagpur,,441002,07109,www.itmnagpur.ac.in,drjbhelonde@itm.edu,Dr.Hemant Hajare,270273 Ext.- ,270273 Ext.- 
"Gondia Education Society's Manoharbhai Patel Institute Of Engineering & Technology, Shahapur, Bhandara ",Nagpur,Urban,"N.H.6 Shahapur,Bhandara",Bhandara,,441906,07184,www.mietbhandara.ac.in,principalmietb@rediffmail.com,Dr. P. R. Harde,202531 Ext.- ,202533 Ext.- 
"Vidya Niketan Institute of Engineering and Technology, Nagpur",Nagpur,Urban,"At. Post : Gondkheri. Tah.: Kalmeshwar, Dist.: Nagpur",Nagpur,,440023,07118,www.vniet.org,principal@vniet.org,Prof. P T Petkar,277088 Ext.- ,277088 Ext.- 
"Cummins College of Engineering For Women, Sukhali (Gupchup), Tal. Hingna Hingna Nagpur",Nagpur,Rural,"Mouje Sukhali (Gupchup), Tal. Hingna  Dist. Nagpur",Nagpur,,441110,07104,www.ccewngp.org,office@ccewngp.org,Dr. Bharatbhushan Joshi,280054 Ext.- ,280054 Ext.- 
"G.H.Raisoni Academy of Engineering & Technology, Nagpur",Nagpur,Urban,"Shraddha Park, Off Hingna-Wadi Link Road, Nagpur",Nagpur,,440028,07104,www.ghraet.raisoni.net,ghraetnag@raisoni.net,Dr.S.R.Vaishnav,237688 Ext.- ,237688 Ext.- 
"Suryodaya College of Engineering & Technology, Nagpur
",Nagpur,Rural,"Survey No. 117/1 & 117/3 A, Vihirgaon, Nagpur ",Nagpur,,441207,07103,www.scetngp.com,scetngp@gmail.com,Dr. Satish M. Chandekar,3276283 Ext.- 07103,3276282 Ext.- 07103
"University Institute  of Chemical Technology, North Maharashtra University, Jalgaon  ",Nashik,Urban,"P.B.No. 80, Umavinagar, Jalgaon",Jalgaon,,425001,0257,www.nmu.ac.in,profsm@rediffmail.com,Dr. Satyendra Mishra,2257441 Ext.- ,94234884 Ext.- 
"Government College of Engineering, Jalgaon",Nashik,Rural,"Opp.Govt  I.T. I. National Highway No-6, Jalgaon ",Jalgaon,,425002,0257,www.gcoej.ac.in,princoej@rediffmail.com,Dr. R.P.Borkar,2281522 Ext.- 201,2281522 Ext.- 201
"Shri Shivaji Vidya Prasarak Sanstha's Late Bapusaheb Shivaji Rao Deore College of Engineering,Dhule",Nashik,Rural,"SSVP Sansthas B S Deore College of Engineering ,M.B.A.Department, Dhule",Dhule,,424005,02562,ssvps.com,princi.ssvps@gmail.com,Dr.Hitendra D.Patil,272713 Ext.- 300,284300 Ext.- 
"Shramsadhana Bombay Trust, College of Engineering & Technology, Jalgaon ",Nashik,Rural,"Bambori, Dharangaon,  Jalgaon ",Jalgaon,,425001,0257,www.sscoetjalgaon.ac.in,sscoetjal@gmail.com,Dr.K.S.Wani,2258393 Ext.- ,2252989 Ext.- 
"G.H. Raisoni Institute of Engineering and Management, Jalgaon",Nashik,Rural,"Gat No. 57/1, Shirsoli Road, At. Post- Mohadi Tal. & Dist. Jalgaon, ",Jalgaon,,425002,0257,www.raisoni.net,prabhakar.bhat@raisoni.net,Dr. Prabhakar Bhat,2264881 Ext.- 211,2264882 Ext.- 211
"K. C. E. Societys College of Engineering and Information Technology, Jalgaon ",Nashik,Urban,"C.S. No. 7480 and 7323, Behind D.I.C., N.H.No.6,  IMR Campus, Jilha Path, Jalgaon",Jalgaon,,425001,0257,www.coeit.kces.in,coeit.inquiry@gmail.com,Dr.Ankur A.Kulkarni,2242025 Ext.- 101,2242026 Ext.- 101
"Shri Gulabrao Deokar College of Engineering, Jalgaon",Nashik,Rural,"Gat No. 56,  P.B. NO. 113, Shirsoli Road, Jalgaon ",Jalgaon,,425001,0257,www.sgdcoejalgaon.org,principal@sgdcoejalgaon.org,Dr. A. J. Patil,2264871 Ext.- 0257,2264873 Ext.- 0257
"Nashik District Maratha Vidya Prasarak Samaj's Karmaveer Adv.Babaurao Ganpatrao Thakare College of Engineering, Nashik",Nashik,Urban,"Udoji Maratha Boarding Campus, Near Pumping Station, Gangapur Road, Nashik",Nashik,,422013,0253,www.kbtcoe.org,principal@kbtcoe.org,Dr. Jayant T. Pattiwar,2571439 Ext.- 102,90110012 Ext.- 
"Sandip Foundation, Sandip Institute of Technology and Research Centre, Mahiravani, Nashik",Nashik,Rural,"At Post mahiravani, Trimbak Road Dist Nashik",Nashik,,422213,02594,www.sandipfoundation.org,principal@sitrc.org,Dr. S. T. Gandhe,222551 Ext.- 1212,222551 Ext.- 1212
"K. K. Wagh Institute of Engineering Education and Research, Nashik",Nashik,Urban,"Hirabai Haridas Vidyanagari, Amrut Dham,  Panchawati, Nashik",Nashik,,422003,0253,www.kkwagh.org,kkwieer@kkwagh.edu.in,Dr. Keshav N. Nandurkar,2512876 Ext.- , Ext.- 
"Jagadamba Education Soc. Nashik's S.N.D. College of Engineering & Reserch, Babulgaon ",Nashik,Rural,"At. Post Babulgaon, Tal Yeola, Nashik",Nashik,,423401,02559,www.sndcoe.ac.in,sndcoe.principal@gmail.com,Dr. M. A.Venkatesh,225012 Ext.- ,225011 Ext.- 
"Pravara Rural Education Society's Sir Visvesvaraya Institute of Technology, Chincholi Dist. Nashik",Nashik,Rural,"At / Po Chincholi, Tal. Sinnar, Nashik",Nashik,,422102,02551,www.svitnashik.in,svmec_nskch@rediffmail.com,Prof. S. R. Sakhare,271278 Ext.- 202,271261 Ext.- 202
"Brahma Valley College of Engineering & Research, Trimbakeshwar, Nashik",Nashik,Rural,"Anjaneri Village, Trimbakeshwar, Dist.Nashik 422103",Nashik,,422103,02594,www.brahmavalley.com,princi.bvcoe@gmail.com,Prof. C.K. Patil,220202 Ext.- 02594,2464691 Ext.- 0253
"Pravara Rural Col of Engg. loni, Pravaranagar, Ahmednagar.",Nashik,Rural," A/P.Loni, Tal.Rahata  Dist.Ahmednagar ",Ahmednagar,,413736,02422,www.pravaraengg.org.in,principal@pravaraengg.org.in,Dr.G.B. SHINDE,273204 Ext.- 201,273204 Ext.- 201
"MET Bhujbal Knowledge City MET League's Engineering College, Adgaon, Nashik.",Nashik,Urban,"Bhujbal Knowledge City , MET's Institute Of Engineering, Adgaon, Nashik",Nashik,,422003,0253,www.metbhujbalknowledgecity.ac.in,principal_ioe@bkc.met.edu,Dr. V. P.Wani,2303515 Ext.- 925, Ext.- 
"Sanjivani Rural Education Society's College of Engineering, Kopargaon",Nashik,Rural,"Po : Shingnapur, Tal : Kopargaon, Dist. Ahmednagar ",Ahmednagar,,423603,02423,www.sanjivanicoe.org.in,psrescoe@gmail.com,Dr. D.N.Kyatanavar,222862 Ext.- 101,222469 Ext.- 401
"Padmashri Dr. Vithalrao Vikhe Patil College of Engineering, Ahmednagar",Nashik,Rural,"vadgaon Gupta, Vilad Ghat, P.O.-MIDC, Ahmednagar ",Ahmednagar,,414111,0241,www.enggnagar.com,prin_coea@yahoo.com,Dr. H.N.Kudal,2777296 Ext.- 200,2779496 Ext.- 200
"Amrutvahini Sheti & Shikshan Vikas Sanstha's Amrutvahini College of Engineering, Sangamner",Nashik,Rural,"P.O.: Sangamner Sakhar Karkhana, Tal : Sangamner, Dist. Ahmednagar",Ahmednagar,,422608,02425,www.avcoe.org,principal@avcoe.org,Dr. G.J.VIKHE PATIL,259096 Ext.- 201,259148 Ext.- 201
"P.S.G.V.P. Mandal's D.N. Patel College of Engineering, Shahada, Dist. Nandurbar",Nashik,Rural,"Poojya Sane Guruji Vidya Prasarak Mandal's, D.N. Patel College of Engineering, Shahada, Dist. Nandurbar",Nandurbar,,425409,02565,www.coeshahada.ac.in,principal@coeshahada.ac.in,PROF. DR. P. D. PATIL,229649 Ext.- ,229649 Ext.- 
"Sanjay Education Society's College of Engineering, Navalnagar",Nashik,Rural,"Navalnagar, Tal & Dist. Dhule ",Dhule,,424318,02562,www.sescoe.org,coenavalnagar@gmail.com,Dr. S.M. Chaudhari,260238 Ext.- ,260245 Ext.- 
"T.M.E. Society's J.T.Mahajan College of Engineering, Faizpur",Nashik,Rural,"Jivram Nagar, ,Nhavi Marg, PO:Faizpur(MSSK),  Dist. Jalgaon ",Jalgaon,,425524,02585,www.jtmcoef.ac.in,principal@jtmcoef.ac.in,Dr. Bimlesh Kumar,248256 Ext.- 111,248179 Ext.- 
"Nagaon  Education Society's Gangamai College of Engineering, Nagaon, Tal Dist Dhule",Nashik,Rural,"Nagaon At Post. Nagaon, Tal&Dist.  Dhule",Dhule,,424005,02562,www.gangamaiengg.org,nagaonengg@rediffmail.com,Dr. Adwait M. Vaidya,243170 Ext.- ,243000 Ext.- 
"Hindi Seva Mandal's Shri Sant Gadgebaba College of Engineering & Technology, Bhusawal",Nashik,Rural,"Near Z.T.C Bhusawal, Dist. Jalgaon",Jalgaon,,425203,02582,www.ssgbcoet.com,rps125@rediffmail.com,"Dr. R. P. Singh (Approved by N.M.U., Jalgaon)",221719 Ext.- 20,221719 Ext.- 20
"Godavari Foundation's Godavari College Of Engineering,  Jalgaon",Nashik,Rural,"Plot No.51, Dr. Ulhas Patil Nagar, Additional MIDC, Bhusawal Road, N.H.No.6, Jalgaon",Jalgaon,,425003,0257,engg.godavarifoundation.org,godavari.engg.jal@gmail.com,DR. B K. MUKHERJEE,2212999 Ext.- ,2213500 Ext.- 
"R. C. Patel Institute of Technology, Shirpur",Nashik,Rural,"Near Nimzari Naka, Shirpur Dist. Dhule",Dhule,,425405,02563,www.rcpit.ac.in,registrar@rcpit.ac.in,Prof. Dr. J. B. Patil,259600 Ext.- 201,259600 Ext.- 
"SNJB's Late Sau. Kantabai Bhavarlalji Jain College of Engineering,  (Jain Gurukul), Neminagar,Chandwad,(Nashik)",Nashik,Urban,"Jain Gurukul, Neminagar, Chandwad Dist.  Nashik",Nashik,,423101,02556,www.snjbcoe.org,snjbcoe@rediffmail.com,Prof. Chopde J.J.,205527 Ext.- ,253752 Ext.- 
"G. H. Raisoni College of Engineering and Management, Ahmednagar",Nashik,Rural,"G.No.1030, At/Post-Chas,Nagar-Pune Road, Ahmednagar",Ahmednagar,,414008,0241,www.raisoni.net,vinod.chowdhary@raisoni.net,Dr.Vinod Chowdhary,2570123 Ext.- 102,2570123 Ext.- 102
"Matoshri College of Engineering and Research Centre, Eklahare, Nashik",Nashik,Rural,"At Post Eklahare, Taluka & District Nashik",Nashik,,422105,0253,www.mcoerc.org,gkkharate@rediffmail.com,Dr. G.K. Kharate,2406600 Ext.- 01,2406600 Ext.- 
"Vishwabharati Academy's College of Engineering, Ahmednagar",Nashik,Rural,"Sarola Baddi ,Jamkhed Road ,  Ahmednagar",Ahmednagar,,414201,0241,www.vacoea.com,principal_vacoea@yahoo.com,Dr. Kureshi Abdul Kadir Abdul Gani,2660033 Ext.- 201,2660033 Ext.- 201
"Gokhale Education Society's, R.H. Sapat College of Engineering, Management Studies and Research, Nashik",Nashik,Urban,"Vidyanagar, College Road, Nashik 422 005",Nashik,,422005,0253,www.ges-coengg.org,principal@ges-coengg.org,Dr. P. C. Kulkarni,2311842 Ext.- , Ext.- 
"Kalyani Charitable Trust, Late Gambhirrao Natuba Sapkal College of Engineering, Anjaneri, Trimbakeshwar Road, Nashik",Nashik,Rural,"Sapkal Knowldege Hub,Kalyani Hills, Anjaneri- Wadholi, Tal. Trimbak, Nashik",Nashik,,422212,02594,www.sapkalknowledgehub.org,gns_engineering@sapkalknowledgehub.org,Prof (Dr.) Basavaraj S. Balapgol,220168 Ext.- ,220168 Ext.- 2001
"Shri Chhatrapati Shivaji College of Engineering, (Rahuri Factory), Tal.Rahuri, Dist.Ahmednagar",Nashik,Rural,"Shree Shivaji Nagar (Rahuri Factory), Tal. Rahuri,  Dist. Ahmednagar ",Ahmednagar,,413706,02426,www.scscoe.org,scsc_eng@yahoo.in,Dr.Nagaraj KalyanappaTimalapur,251400 Ext.- 21, Ext.- 
"Amruta Vaishnavi Education & Welfare Trust's Shatabdi Institute of Engineering & Research, Agaskhind Tal. Sinnar",Nashik,Rural,"At- Agaskhind, Post Shenit (Via Deolali Camp-Bhagur), Tal. Sinnar  Dist. Nashik",Nashik,,422501,02551,www.sier.org.in,principal@sier.org.in,Dr. Dayanand P Joshi,304203 Ext.- 02551, Ext.- 
"Hon. Shri. Babanrao Pachpute Vichardhara Trust, Group of Institutions (Integrated Campus)-Parikrama, Kashti Shrigondha, ",Nashik,Rural,"At/Post Kashti, Tal Shrigonda, Dist. Ahmednagar",Ahmednagar,,414701,02487,www.parikrama.edu.com,ss.shyale@gmail.com,Dr.S.S.Shayale,02487 Ext.- , Ext.- 
"Jamia Institute Of Engineering And Management Studies, Akkalkuwa",Nashik,Rural,"Molgi Road Near Amlibari Fata Akkalkuwa, Nandurbar",Nandurbar,,425415,02567,www.jiemsakk.com,jamia.enggmba@yahoo.com,Dr. Syed Kamaluddin ,252524 Ext.- 02567, Ext.- 
"Pune Vidyarthi Griha's College Of Engineering, Nashik",Nashik,Urban,"206, Dindori Road, Near Meri, Mhasrul, Nashik",Nashik,,422004,0253,pvgcoenashik.org,pvgcoenashik@gmail.com,Dr. N.S. Walimbe,2534291 Ext.- ,2534291 Ext.- 
"Sandip Institute of Engineering & Management, Nashik",Nashik,Rural,"Trimbak Road, Mahiravani Nashik",Nashik,,422213,02594,www.sandipfoundation.org,principal@siem.org.in,Prof. Rajendrakumar Giridharilal Tated,222581 Ext.- , Ext.- 
"Adsul's Technical Campus, Chas Dist. Ahmednagar",Nashik,Rural,"At Post Chas, Tal.& Dist. Ahmednagar ",Ahmednagar,,414005,0241,www.adsulsgroup.edu.in,adsulstechnicalcampus@gmail.com,DR. N.V. HALEGOWDA,2570428 Ext.- ,94229728 Ext.- 
"Shri. Jaykumar Rawal Institute of Technology, Dondaicha.",Nashik,Rural,"At Post Dondaicha, Dist. Dhule",Dhule,,425408,02566,www.jaytech.co.in/new,vishwaprem.64@rediffmail.com,Dr. Sadashiv Mahadu  Chaudhari ,244123 Ext.- 02566,244123 Ext.- 02566
"Ahmednagar Jilha Maratha Vidya Prasarak Samajache, Shri. Chhatrapati Shivaji Maharaj College of Engineering, Nepti",Nashik,Rural,"Survey No. 162& 163, Nepti, Nagar Kalyan Road, Ahmednagar",Ahmednagar,,414005,0241,www.scoea.org,scsmcoe.anr@hotmail.com,Dr. R. S. Deshpande,2568383 Ext.- ,2568384 Ext.- 
"Shree Saibaba Institute of Engineering, Research & Allied Sciences, Rahta.",Nashik,Rural,"At Post Rahta, Taluka Rahata, Dist. Ahmednagar",Ahmednagar,,423107,02423,www.saibabaengg.org,shrisaibabaengg@gmail.com,Dr. Kharde Y.R.,204580 Ext.- ,204578 Ext.- 
"Krantiveer Vasantrao Narayan Naik Institute of Engineering Education & Research, Nashik.",Nashik,Urban,"Canada Corner, Sharanpur Road, Nashik",Nashik,,422002,0253,www.kvnnaikengineering.com,kvnnaik@gmail.com,Dr.Arun Kumar Dwivedi,2232863 Ext.- , Ext.- 
"College of Engineering and Technology ,North Maharashtra Knowledge City, Jalgaon",Nashik,Rural,"Gat No 166 Bambhori, Jalgaon",Jalgaon,,425002,02588,www.nmkcj.org,nmkcjalgaon49@gmail.com,Dr. V. M. Patil,202205 Ext.- ,93714621 Ext.- 21
"Sanghavi College of Engineering, Varvandi, Nashik.",Nashik,Rural,"Gut No. 166, Varvandi, Taluka Dindori, Dist. Nashik.",Nashik,,422202,0253,www.shreemahavir.org,maya.padwal@shreemahavir.org,Dr.K.N. Choudhary,259091 Ext.- , Ext.- 
"Jawahar Education Society's Institute of Technology, Management & Research, Nashik.",Nashik,Rural,"Survey No.48, Gowardhan, Gangapur Road, Nashik.",Nashik,,422222,0253,www.jitnashik.edu.in,principaljitnashik@rediffmail.com,Dr.M. V. Bhatkar,2970076 Ext.- ,2970077 Ext.- 
"Vidya Niketan College of Engineering, Bota Sangamner",Nashik,Rural,"Gat No. 670, Vidya Nagari, Pune Nashik Road, at post Bota, TalSangamner, Dist. Ahmednagar.",Ahmednagar,,422602,02425,www.vidyaniketanglobal.com,vidyaniketan.7@gmail.com,M.S.PRADHAN,86008884 Ext.- 32,86008884 Ext.- 34
"Rajiv Gandhi College of Engineering, At Post Karjule Hariya Tal.Parner, Dist.Ahmednagar",Nashik,Rural,"At Post Karjule Harya, Tal. Parner, Dist Ahmednagar",Ahmednagar,,414304,02488,www.rgcoe.org,rajivgandhi.iot@gmail.com,Dr.V.P Reddy,282999 Ext.- ,282999 Ext.- 
"Maulana Mukhtar Ahmad Nadvi Technical Campus, Malegaon.",Nashik,Rural,"Mansoora, Malegaon-Manmad Road, P.B.No.144, Malegaon, Nashik.",Nashik,,423203,02554,www.mmantc.in,mmantc@gmail.com,Dr. SHAH AQUEEL AHMED,239097 Ext.- ,239097 Ext.- 
"Guru Gobind Singh College of Engineering & Research Centre, Nashik.",Nashik,Urban,"Khalsa Educational Complex, Guru Gobind Singh Marg, Nashik.",Nashik,,422009,0253,www.ggsfindia.org,ceo.ggsf@gmail.com,A. M. Chincholakar,0253 Ext.- ,2372666 Ext.- 
"Government College of Engineering, Avasari",Pune,Rural,"Avasari, Tal. Ambegaon. Dist. Pune",Pune,,412405,02133,www.gcoeara.ac.in,gcoeara@gmail.com,I/c Prof. S.V. Joshi,225900 Ext.- ,225900 Ext.- 581
"Government College of Engineering, Karad",Pune,Rural,"Vidyanagar, Karad  Dist. Satara",Satara,,415124,02164,www.gcekarad.ac.in,principal@gcekarad.ac.in,Dr.  P M KHODAKE,272414 Ext.- 201,272415 Ext.- 
"College of Engineering, Pune",Pune,Urban,"Wellesly Road, Shivaji Nagar, Pune",Pune,,411005,020,www.coep.org.in,director@coep.ac.in,Director Dr. A. D. Sahasrabudhe,25507000 Ext.- ,25507001 Ext.- 
"The Shetkari Shikshan Mandal Sangli's Pd. Vasantdada Patil Institute of Technology, Bavdhan, Pune",Pune,Rural,"S. V. No. 33/22, Bavdhan(Khurd), Tal-Mulashi Near Chadani Chwok,Tal-Mulashi Dist. Pune ",Pune,,411021,020,,pvpit@jspm.edu.in,Dr.Y.V.Chavan,60606001 Ext.- ,60606001 Ext.- 
"Genba Sopanrao Moze Trust Parvatibai Genba Moze College of Engineering,Wagholi, Pune",Pune,Rural,"Gat  No. 2181, Wagholi, Tal Haveli Dist. Pune",Pune,,412207,020,www.pgmcoepune.com,principal@pgmcoepune.com,Prof.Arshi Khan,27050937 Ext.- , Ext.- 
"Progressive Education Society's Modern College of Engineering, Pune",Pune,Rural,"P.E.S. Modern College of Engineering, 1186 A, Shivajinagar, Off. J.M. Road, Pune ",Pune,,411005,020,www.moderncoe.edu.in,pesmcoe@gmail.com,Dr.Mrs.K.R. Joshi,25533638 Ext.- 202,25533638 Ext.- 202
"Jaywant Shikshan Prasarak Mandal's,Rajarshi Shahu College of Engineering, Tathawade, Pune",Pune,Urban,"S. No. 80/3, Mumbai Pune Bypass Highway,  Tathawade,Tal-Munshi, Dist. Pune",Pune,,411033,020,www.rscoe.org,rscoe@jspm.edu.in,Dr. D. S. Bormane,22933423 Ext.- 208,22934347 Ext.- 
"Genba Sopanrao Moze College of Engineering, Baner-Balewadi, Pune",Pune,Urban,"Survey No. 25/1/3, Infront of Chatrapati Shivaji Sports Stadium, Balewadi, Tal. Haveli, Dist. Pune",Pune,,411045,020,www.gsmozecoe.org,gsmoze@yahoo.co.in,Dr.A.A KULKARNI,27390500 Ext.- ,27390064 Ext.- 
"Jaywantrao Sawant College of Engineering,Pune",Pune,Urban,"S. No. 58, Indrayani Nagar, Handewadi Road, Hadapsar, Pune",Pune,,411028,020,www.jspm.edu.in,drmgjadhav@gmail.com,Dr. M.G. Jadhav,26970886 Ext.- 401,26970983 Ext.- 401
"MIT Academy of Engineering,Alandi, Pune",Pune,Rural,"At Kelgaon-Alandi,Devachi Tal. Khed, Dist. Pune",Pune,,412105,020,www.mitaoe.ac.in,principal@maepune.ac.in,Dr. Y. J Bhalerao,30253500 Ext.- ,30253600 Ext.- 
"MAEER's M.I.T. College of Engineering , Kothrud, Pune",Pune,Urban,"S.No. 124, Ex. Serviceman Colony, MIT College Campus, Paud Road, Kothrud, Pune",Pune,,411038,020,www.mitcoe.ac.in,prashant_bhalerao@mitcoe.edu.in,Dr. Manoj S Nagmode,30273677 Ext.- ,30273670 Ext.- 
"Choudhary Attar Singh Yadav Memorial Trust,Siddhant College of Engineering, Maval",Pune,Rural,"Chakan Talegaon Road, At Post Sudumbare, Tal. Maval Dist. Pune",Pune,,412109,02114,www.siddhantcoe.edu.in,khotsir@yahoo.co.in,Dr.S.S.Khot,661904 Ext.- 104,661901 Ext.- 101
"Maharashtra Institute of Technology, Kothrud, Pune",Pune,Urban,"Paud Road,Survey No. 124, Ex-Servicemen Colony Paud Road, Kothrud, Pune",Pune,,411038,020,www.mitpune.com,mit@mitpune.com,Dr. Lalitkumar K.Kshirsagar,30273400 Ext.- 020,30273456 Ext.- 020
"G.H.Raisoni College of Engineering & Management, Wagholi, Pune",Pune,Urban,"Gat No. 1200 , Domkhel Road, Wagholi,Tal-Haveli, Dist. Pune",Pune,,412207,020,ghrcem.raisoni.net,ghrcem.pune@raisoni.net,Dr. Dilip. D. Shah,27052811 Ext.- 103, Ext.- 
"Marathwada Mitra Mandal's College of Engineering, Karvenagar, Pune",Pune,Urban,"Survey No 18, Plot No. 5/3,  CTS No.205, Karvenagar, Pune",Pune,,411052,020,www.mmcoe.edu.in,principal@mmcoe.edu.in,Dr. S. M. Deshpande,25473160 Ext.- 200,25475825 Ext.- 
"JSPM's Imperial College of Engineering and Research, Wagholi, Pune",Pune,Rural,"Gat No. 720/2, Pune-Ahmadnagar Road, Wagholi, Tal- Haveli,  Dist. Pune",Pune,,412207,020,www.jspm.edu.in,vpicoer@gmail.com,Dr. S. V. Admane,27051170 Ext.- 200,65101493 Ext.- 
"Pimpri Chinchwad Education Trust, Pimpri Chinchwad College of Engineering, Pune",Pune,Urban,"Sector 26, Pradhikaran,  Nigdi Pradhikaran, Pune ",Pune,,411044,020,www.pccoepune.com,pccoeadmin@gmail.com,Dr. A. M. Fulambarkar,27653168 Ext.- 102,27653168 Ext.- 102
"G. H.Raisoni Institute of Engineering and Technology, Wagholi, Pune",Pune,Rural,"Gat No.1200, Navin Wagholi, Tal. Haveli  Dist. Pune",Pune,,412207,020,www.ghriet.raisoni.net,r_kharadkar@yahoo.com,Prof. Dr. R. D. Kharadkar,27052813 Ext.- 201,27052813 Ext.- 201
"Sinhgad College of Engineering, Vadgaon (BK), Pune",Pune,Urban,"44/1, Vadgaon,(bk) off Sinhgad Road Pune ",Pune,,411041,020,www.sinhgad.edu,principal.scoe@sinhgad.edu,Dr. S. D. Lokhande,24100000 Ext.- 301,24354705 Ext.- 
"Sinhgad Technical Education Society's Smt. Kashibai Navale College of Engineering,Vadgaon,Pune",Pune,Urban,"S. No. 44/1, Vadgaon(bk) off Sinhgad Road, Pune",Pune,,411041,020,www.sinhgad.edu,principal.skncoe@sinhgad.edu,DR. A.V. Deshpande,24354938 Ext.- ,24354938 Ext.- 
"Chanakya Education Society's Indira College of Engineering & Management, Pune",Pune,Rural,"Survey No.64,65,Gat No.276, At Post Parandwadi, Near Somatne Phata, Tal- Maval Dist. Pune",Pune,,410506,02114,www.indiraicem.ac.in,info@indiraicem.ac.in,Dr.A.A. Kulkarni,661500 Ext.- 565,661500 Ext.- 500
"Sinhgad Technical Education Society, Sinhgad Institute of Technology and Science, Narhe (Ambegaon)",Pune,Rural,"Opp. Wasternly By Pass, Narhe, Ambegaon, Dist. Pune",Pune,,411041,020,www.sinhgad.edu,sits@sinhgad.edu,Dr. S.N. Mali,66831703 Ext.- , Ext.- 
"Al-Ameen Educational and Medical Foundation, College of Engineering, Koregaon, Bhima",Pune,Rural,"Sharad Campus Pimpal, Jagtap Road A/P, Koregaon Bhima Tal-Shirur, Pune",Pune,,412216,02137,www.alameencoe.com,alameenpune@gmail.com, Dr. R Parthiban,646012 Ext.- 10,646010 Ext.- 
"K. J.'s Educational Institut Trinity College of Engineering and Research, Pisoli, Haveli",Pune,Rural,"S.No. 25/27, Pisoli, Tal.Haveli Dist. Pune",Pune,,411048,020,www.kjsedu.com,trinitycoe@gmail.com,Dr. Prakash S. Dabeer,26934423 Ext.- ,26934423 Ext.- 
"Sinhagad Institute of Technology, Lonavala",Pune,Rural,"Gat No.309/310/314, Pune-Mumbai Express Highway, kasgaon(BK), Lonavala Pune , 410401",Pune,,410401,02114,www.sinhgad.edu,principal_sit@sinhgad.edu,Dr. M. S. Gaikwad,304356 Ext.- ,304353 Ext.- 
"Sinhgad Academy of Engineering, Kondhwa (BK)  Kondhwa-Saswad Road, Pune",Pune,Rural,"S.No.40/4A, Kondhwa(BK), Kondhwa-Saswad Road, Pune ",Pune,,411048,020,www.sinhgad.edu,saeprincipal@gmail.com,Dr. Vijay M. Wadhai,26934441 Ext.- ,26934550 Ext.- 
"Marathwada Mitra Mandal's Institute of Technology, Lohgaon, Pune",Pune,Rural,"Survey No.35, Plot No. 5/6, Lohgaon Tal. Haveli Dist. Pune",Pune,,411032,020,www.mmit.edu.in,principal@mmit.edu.in,Dr. Pradeep J. Awasare,32334905 Ext.- , Ext.- 
"Pune District Education  Association's College of Engineering, Pune",Pune,,"Hadapsar-Manjari Road, Manjari(BK),Dist. Pune ",Pune,,412307,020,www.pdeacoem.com,coem@pdeapune.org,Dr. K. R. Harne,26996275 Ext.- ,26996625 Ext.- 
"Dr. D. Y. Patil Vidya Pratishthan Society Dr .D. Y. Patil Institute of Engineering & Technology, Pimpri,Pune",Pune,Urban,"Sant Tukaram Nagar, Pimpri, Pune",Pune,,411018,020,www.engg.dypvp.edu.in,info.engg@dypvp.edu.in,Dr. R. K. Jain,27421095 Ext.- 712,27421096 Ext.- 712
"K. E. Society's Rajarambapu Institute of Technology, Walwa, Sangli",Pune,Rural,"Rajaramnagar, A/p. Sakhrale, Tal: Walwa   Dist. Sangli ",Sangli,,415414,02342,www.ritindia.edu,director@ritindia.edu,Dr. Mrs. S. S. Kulkarni,220329 Ext.- ,221001 Ext.- 
"Sou. Sushila Danchand Ghodawat Cha.Trust's Group of Institution (Integrated Campus), Atigre, Kolhapur",Pune,Rural,"Gat No. 583 to 585, Atigre, Tal.Hatkangale, Dist.  Kolhapur",Kolhapur,,416118,0230,www.sginstitute.in,director@sginstitute.in,Mr. S. M. Ingale,2463700 Ext.- 203,2463703 Ext.- 
"Shri. Balasaheb Mane Prasarak Mandals, Ashokrao Mane Group of Institutions, Kolhapur",Pune,Rural,"NH-4, Pune Banglore highway, AT Wathar Tarf Wadgaon, Taluka-Hathanangle, Dist. Kolhapur",Kolhapur,,416112,0230,www.amgoi.org,bmspmcampus@gmail.com,Dr RAVI KOTTUR,2407740 Ext.- 111, Ext.- 
"KSGBS's Bharat- Ratna Indira Gandhi College of Engineering, Kegaon, Solapur",Pune,Urban,"Gut. No.58, Kegaon, Solapur Pune Highway, Nr Solapur University,Solapur",Solapur,,413225,0217,www.bigce.org,ksgbs.bigce@gmail.com,Dr. N. B. Mustare,2500480 Ext.- ,2500482 Ext.- 
"Shri Vithal Education and Research Institute's College of Engineering, Pandharpur",Pune,Rural,"P.O. Box No. 54, Gopalpur - Ranjani Road,   Gopalpur,  Pandharpur Dist. Solapur",Solapur,,413304,02186,www.sveri.ac.in,coe@sveri.ac.in,Prof.Dr. B. P. Ronge,225083 Ext.- ,225083 Ext.- 
"Dattajirao Kadam Technical Education Society's Textile & Engineering Institute, Ichalkaranji.",Pune,Urban,"Post Box No. 130, Rajwada, Ichalkaranji. Dist. Kolhapur",Kolhapur,,416115,0230,www.dktes.com,dktestextile@gmail.com,Prof. (Dr.) P. V. Kadole,2421300 Ext.- 203,2437311 Ext.- 
"Pradnya Niketan Education Society's Nagesh Karajagi Orchid College of Engineering & Technology, Solapur",Pune,Rural,"Post Box No.154,Gut No. 16, Hipparanga, Tuljapur Road, North Solapur ",Solapur,,413002,0217,www.nkorchidenggmgmt.ac.in,office@nkorchidenggmgmt.ac.in,Dr. J.B. Dafedar,2500021 Ext.- ,2500021 Ext.- 
"D.Y. Patil College of Engineering and Technology, Kolhapur",Pune,Urban,"Kasaba Bavada,Taluka Karveer,Kolhapur",Kolhapur,,416006,0231,www.dypkopeng.ac.in,dypcet@sancharnet.in,Dr. Vijay R. Ghorpade,2601431 Ext.- ,2601432 Ext.- 
"Walchand Institute of Technology, Solapur",Pune,Urban,"Solapur Seth Walchand Hirachand Marg, Ashok Chowk, P.B. No.634, Solapur",Solapur,,413006,0217,www.witsolapur.org,principal.witsolapur@gmail.com,Dr.S.A.Halkude,2652700 Ext.- 212,2652700 Ext.- 212
"Kolhapur Institute of Technology College of Engineering, Kolhapur",Pune,Urban,"Gokul_Shirgaon,Tal: Karveer Kolhapur , 416234",Kolhapur,,416234,0231,www.kitcoek.in,info@kitcoek.in,Dr. V. V. Karjinni,2638141 Ext.- , Ext.- 
"Tatyasaheb Kore Institute of Engineering and Technology, Warananagar",Pune,Rural,"At & Post - Warananagar Taluka : Panhala Kolhapur , 416113",Kolhapur,,416113,02328,www.tkietwarana.org,principal@tkietwarana.org,Dr. Sunil V. Anekar,224012 Ext.- 103,224012 Ext.- 103
"Shetkari Shikshan Mandal's Pad. Vasantraodada Patil Institute of Technology, Budhgaon, Sangli",Pune,Rural,"(PVPIT),  Budhgaon, Tasgaon Rd., Tal : Miraj  Sangli , 416304",Sangli,,416304,0233,www.pvpitsangli.edu.in,degreeprincipal@gmail.com,Dr.Satishchandra Vasudeo Joshi,2366245 Ext.- , Ext.- 
"Karmaveer Bhaurao Patil College of Engineering and Polytechnic, Satara",Pune,Urban,"Rayat Shikshan Sanstha's Karmaveer Bhaurao Patil College of Engineering, Near Circuit House, Sadar Bazar, Camp-Satara",Satara,,415001,02162,www.kbpcoes.edu.in,str_kbpsatar@rediffmail.in,Dr.Vikram S. Patil,230636 Ext.- 251,233005 Ext.- 251
"Pune Institute of Computer Technology, Dhankavdi, Pune",Pune,Urban,"Sr.No. 27, Pune -Satara Road,Dhankavdi, Pune ",Pune,,411043,020,www.pict.edu,principal@pict.edu,Dr. P. T. Kulkarni,24371101 Ext.- 326,24204571 Ext.- 
"Dr. D. Y. Patil Pratishthan's D.Y.Patil College of Engineering Akurdi, Pune",Pune,Urban,"Sector-29,Nigdi Pradhikaran, Akurdi, Pune",Pune,,411044,020,www.dypcoe-akurdi.org,principal@dypcoe-akurdi.org,Dr.Dilip G.Khairnar,27653058 Ext.- 111,27641511 Ext.- 111
"Bansilal Ramnath Agarawal Charitable Trust's Vishwakarma Institute of Technology, Bibwewadi, Pune",Pune,Urban,"666, Upper Indira Nagar, Bibwewadi, Pune",Pune,,411037,020,www.vit.edu,registrar@vit.edu,Prof. (Dr.) R.M. Jalnekar,24283001 Ext.- 221,24202221 Ext.- 221
"Pune Vidyarthi Griha's College of Engineering and Technology,  Pune",Pune,Urban,"44, Vidyanagari, Parvati, Shivdarshan Chowk, Near Muktangan English School, Pune",Pune,,411009,020,www.pvgcoet.ac.in,info@pvgcoet.ac.in,Dr. Y.P. NERKAR,24228258 Ext.- 300,24211514 Ext.- 
"Shivnagar Vidya Prasarak Mandal's College of Engineering, Malegaon-Baramati",Pune,Rural,"Malegaon BK, Tal: Baramati Dist. Pune",Pune,,413115,02112,www.engg.svpm.org.in,coembk.office@gmail.com,Dr. A. S.JAMBHULE ( PRINCIPAL),255113 Ext.- ,255113 Ext.- 
"MKSSS's Cummins College of Engineering for Women, Karvenagar,Pune",Pune,Urban,"Karvenagar, Pune",Pune,,411052,020,www.cumminscollege.org,admin@cumminscollege.org,Dr. Madhuri Khambete,25311000 Ext.- 100,25311100 Ext.- 100
"Dr. J. J. Magdum  Charitable Trust's Dr. J.J. Magdum College of Engineering, Jaysingpur",Pune,Rural,"Gat no. 314/330, Shirol wadi road, Jaisingpur Dist. Kolhapur",Kolhapur,,416101,02322,www.jjmcoe.org,viceprincipal@jjmcoe.org,Dr. A K Gupta,663100 Ext.- 212,221828 Ext.- 
"All India Shri Shivaji Memorial Society's College of Engineering, Pune",Pune,Urban,"Kennedy Road, Near R.T.O., Pune",Pune,,411001,020,www.aissmscoe.com,contact@aissmscoe.com,Dr Sanjay P Danao,26058587 Ext.- 1001,26059562 Ext.- 
"Modern Education Society's College of Engineering, Pune",Pune,Urban,"Wadia College Campus 19, Late Prin. V. K. Jog Path, Pune",Pune,,411001,020,www.mescoepune.org,principal@mescoepune.org,Dr. A. A. Keste,26163831 Ext.- 2020,26163831 Ext.- 2020
"All India Shri Shivaji Memorial Society's Institute of Information Technology,Pune",Pune,Urban,"Kennedy Road, Near RTO, Pune",Pune,,411001,020,www.aissmsioit.org,aissmsioit@hotmail.com,Dr. Pradeep B. Mane,26057636 Ext.- 001, Ext.- 
"Annasaheb Dange College of Engineering and Technology, Ashta, Sangli",Pune,Rural,At  Post : Ashta. Tal- Walwa Dist. Sangli ,Sangli,,416301,02342,www.adcet.in,profrak@rediffmail.com,Dr. A. M. Mulla,241107 Ext.- ,241117 Ext.- 
"Vidya Pratishthan's College of Engineering, Baramati Dist.Pune",Pune,Rural,"Vidya Pratishathan's College of Engineering (VPCOE)  Vidyanagari, Bhigwan Road, Baramati Dist. Pune ",Pune,,413133,02112,www.vpcoe.org,principal@vpcoe.org,Dr. S.B. Deosarkar,239503 Ext.- 503,239500 Ext.- 500
"Bharati Vidyapeeth's College of Engineering for Women, Katraj, Dhankawadi, Pune",Pune,Urban,"Katraj,Dhankawadi campus, Pune-Satara Road, Pune ",Pune,,411043,020,coewpune.bharatividyapeeth.edu,coewpune@bharatividyapeeth.edu,Dr .D.S.Bilgi,24371684 Ext.- 201,24371684 Ext.- 201
"Bharati Vidyapeeth's College of Engineering, Kolhapur",Pune,Rural,"Near Chitranagari, Kolhapur",Kolhapur,,416013,0231,www.coekolhapur.bharatividyapeeth.edu,coekolhapur@bharatividyapeeth.edu,Dr. Mrs. Chougule S. R.,2638894 Ext.- 0231,2639986 Ext.- 0231
"B.R.A.C.T's Vishwakarma Institute of Information Technology, Kondhwa (Bk.), Pune",Pune,Urban,Survey No.2/3/4 Kondhwa (Bk.) Pune,Pune,,411048,020,www.viit.ac.in,prinviit@viit.ac.in,Dr.(Mrs) B.S. Karkare,26932300 Ext.- 201,65782868 Ext.- 
"Kai Amdar  Bramhadevdada Mane Shikshan & Samajik Prathistan's Bramhadevdada Mane Institute of Technology, Solapur",Pune,Rural,"Gat No.137, Solapur-Manglwedha-Kolhapur Highway,Taluka: North Solapur, Belati  Solapur",Solapur,,413002,0217,www.bmssp.org/bmit,drmspbmit@gmail.com,Dr  M S Pawar,2283842 Ext.- 0217,2283822 Ext.- 0217
"Zeal Education Society's Dnyanganga College of Engineering & Reserch, Narhe, Pune",Pune,Urban,"Survey No.39, Narhe-Dhayari Road, Narhe Pune-411 041",Pune,,411041,020,www.dcoerpune.org,zealinstitutes@gmail.com,Dr. A. N. Gaikwad,67206000 Ext.- 106, Ext.- 
"Gourishankar Educational & Charitable Trust's Satara College of Engineering & Management, Limb, Satara",Pune,Rural,"Survey No.989,/A-1,  & 990/ At. Posty. Limb Taluka & District : Satara",Satara,,415015,02162,www.gourishankarengineering.org,scoem_sat@yahoo.com,Prof. Itiraj S. S.,268754 Ext.- 02162,268754 Ext.- 02162
"Dr. Ashok Gujar Technical Institute's  Dr. Daulatrao Aher College of Engineering, Karad",Pune,Rural,"Vidyanagar Extn. At Post Banawadi, Taluka - Karad Dist.  Satara",Satara,,415110,02164,www.dacoe.org,ajayd1967@yahoo.com,Dr.Ajay V Deshmukh,272701 Ext.- 203, Ext.- 
"Loknete Hanumantrao Charitable Trust's Adarsh Institute of Technology and Research Centre, Vita,Sangli",Pune,Rural,"Post Khamla(Bha.), Vita, Gat No.421,Tal- Khanapur Dist . Sangli",Sangli,,415311,02347,www.aitrc.org,aitrc_vita@rediffmail.com,Prof. Pradip Shankar Shinde,229021 Ext.- ,229021 Ext.- 
"S.D.N.C.R.E.S'S.Late Narayandas Bhawandas Chhabada Institute of Engineering & Technology, Satara",Pune,Rural,"Survey No. 259 At Post. Raigoan Taluka. Javali, District : Satara",Satara,,415020,02378,www.sdncedu.com,info@sdncedu.com,T.Chandrashekhar,200200 Ext.- , Ext.- 
"Shanti Education Society, A.G. Patil Institute of Technology, Soregaon, Solapur(North)",Pune,Urban,"18(2 A/2) Pratap Nagar , Bijapur Road, Solapur",Solapur,,413008,0217,www.agpit.edu.in,contact@agpit.edu.in,Dr. Sunil A. Patil,2342499 Ext.- ,2343099 Ext.- 
"Nutan Maharashtra Vidya Prasarak Mandal, Nutan Maharashtra Institute of Engineering &Technology, Talegaon station, Pune",Pune,Rural,"Vishnupuri Talegaon Station, Taluka Mavel, Dist. Pune",Pune,,410507,02114,www.nmiet.edu.in,nmiettalegaon@gmail.com,Dr. Rajendra Kanphade,311834 Ext.- 200,311834 Ext.- 200
"Jayawant Shikshan Prasarak Mandal, Bhivarabai Sawant Institute of Technology & Research, Wagholi",Pune,Rural,"Gut No. 720/1 & 2, Pune Nagar Road, Wagholi, Tal. Hawali Dist. Pune",Pune,,412207,020,www.jspm.edu.in,pricipalbsiotr@gmail.com,Dr. Nagaraj Kalyanappa Timalapur,65217050 Ext.- 251,27051170 Ext.- 251
"Jaywant College of Engineering & Management, Kille Macchindragad Tal. Walva",Pune,Rural,"GAT No 329/1, Kille Macchindragad, 
Tal. Walwa Dist. Sangli",Sangli,,415302,02164,www.sspmjcem.com,contact@sspmjcem.com,Dr. Naik Vinayak K,266407 Ext.- , Ext.- 
"Holy-Wood Academy's Sanjeevan Engineering and Technology Institute, Panhala",Pune,Rural,"Sanjeevan Knowladge City, Somwarpeth (Injole), Panhala, Tal. Panhala. Dist. Kolhapur",Kolhapur,,416201,0231,www.seti.edu.in,admission@seti.edu.in,Dr. M. G. DEVAMANE,2686600 Ext.- ,2686601 Ext.- 
"Shri Shamrao Patil (Yadravkar)Educational & Charitable Trusts, Sharad Institute of Technology College of Engineering, Yadrav",Pune,Rural,"Gat No.525 & 473/A, Yadrav, Tal. Shirol, Dist: Kolhapur",Kolhapur,,416121,02322,www.sitcoe.org.in,contact@sitcoe.org.in,Dr Sanjay Annaso Khot ,252796 Ext.- 16,252896 Ext.- 
"Abhinav Education Society's College of Engineering and Technology (Degree), Wadwadi",Pune,Urban,"S. No 209, At Post - Wadwadi, Tal - Khandala, Dist - Satara",Satara,,412801,02169,www.abhinavengg.org,abhinavengineering@yahoo.com,Dr. P V Rao,286109 Ext.- ,286109 Ext.- 
"Shahajirao Patil Vikas Pratishthan, S.B.Patil College of Engineering, Vangali, Tal. Indapur",Pune,Rural,"Gut No. 58, Village Vangali, Tal. Indapur Dist. Pune",Pune,,413106,02111,www.spvp.edu.in,sbpcoeprincipal@gmail.com,Dr. Pravin D. Nemade,217008 Ext.- 02111, Ext.- 
"K.J.'s Educational Institute's K.J.College of Engineering & Management Research, Pisoli",Pune,Rural,"Survey No. 25/27, Post Yevalewadi, Village Pisoli, Near Bopdev Ghat, Near Hotel Garwa, Tal. Haveli. Dist. Pune",Pune,,411048,020,www.kjsedu.com,principalkjcoemr@gmail.com,Prof. Dr. Sanjeev J. Wagh,26934417 Ext.- ,26934419 Ext.- 
"Vidya Vikas Pratishthan Institute of Engineering and Technology, Solapur",Pune,Urban,"72/2 B, Pratap Nagar, Soregaon-Dongaon Road, Solapur",Solapur,,413008,0217,www.vvpengineering.org,vvpiet@rediffmail.com,Dr. Shailesh V. Deshpande,6452555 Ext.- 0217,6054555 Ext.- 0217
"Shree Gajanan Maharaj Shikshan Prasarak Manda'l Sharadchandra Pawar College of Engineering, Dumbarwadi",Pune,Rural,"At Dumberwadi, Post Khamundi(Otur), Tal. Junnar Dist. Pune",Pune,,410504,02132,www.spcoe.in,gmspm89@yahoo.com,Dr. Govind Ukhandrao Kharat ,265729 Ext.- ,265729 Ext.- 
"Dr. D. Y. Patil College of Engineering, Ambi, Talegaon, Maval",Pune,Rural,Talegaon  Dist. Pune,Pune,,410507,02114,www.dypcoeambi.com,principaldypcoe@dyptc.com,DR. S.D.SHIRBAHADURKAR,306228 Ext.- 227,02114306 Ext.- 228
"Rajgad Dnyanpeeth's Technical Campus,Dhangwadi, Bhor",Pune,Rural,"S.No. 237, Dhangwadi, Tal. Bhor. Dist.  Pune ",Pune,,412206,02113,www.scshivajirajecoe.com,scscoe@gmail.com,Dr. Rahul L. Khandagale,282556 Ext.- 656,282556 Ext.- 
"Alard  Charitable Trust's Alard College of Engineering and Management, Pune",Pune,Urban,"Sr. No. 50, Marunji, Tal-Mulshi, Nr. Rajiv Gandhi IT Park, Hinjewadi, Dist. Pune",Pune,,411057,020,www.alardinstitutes.org,info@alardinstitutes.org,Dr.S.B.Padwal,66523702 Ext.- 01,66523700 Ext.- 01
"Shri Pandurang Pratishtan, Karmayogi Engineering College, Shelve, Pandharpur
",Pune,Rural,"G. No. 125, 124, A/P Shelve, Tal. Pandharpur. Dist. Solapur",Solapur,,413304,02186,www.karmayogiengg.com,kecmailbox@rediffmail.com,Dr. S.P. Patil,250300 Ext.- 310,250310 Ext.- 310
"Samarth Education Trust's Arvind Gavali College Of Engineering Panwalewadi, Varye,Satara.",Pune,Rural,"Gat. No-247,A/P-Panwalewadi Post Varye,Tal-Satara 415015",Satara,,415015,02162,www.agce.sets.edu.in,agcenggsatara@gmail.com,Dr.V.A.Pharande,261122 Ext.- ,200100 Ext.- 
"College Of Engineering, Vairag Tal. Barshi",Pune,Rural,"At/p- Sasure- Vairag On Solapur Barshi State HighWay Tal-Barshi Solapur , 413402",Solapur,,413402,02184,www.coevairag.org,collegeofengineeringvairag@gmali.com,shri.V.K.Dhengale-patil,240700 Ext.- ,240700 Ext.- 
"Jaihind College Of Engineering,Kuran ",Pune,Rural,"G. No. 441, Kuran, Tal: Junnar, Pune 410511",Pune,,410511,02132,www.jaihind.edu.in,jcoekuran@gmail.com,Dr. C. L. Dhamejani,242027 Ext.- , Ext.- 
"Shriram Institute Of Engineering And Technology Centre, Paniv",Pune,Urban,"At/P-Paniv, Tal-Malshiras, Dist-Solapur 413113",Solapur,,413113,02185,www.sietcpaniv.org,principalsietc@gmail.com,274288,274288 Ext.- ,274288 Ext.- 
"DR. D. Y. Patil Institute of Engineering and Technology, Ambi",Pune,Rural,"S.No 124,126 At/Post Ambi,Talegaon Dhabade,Taluka-Maval,Dist Pune 410506",Pune,,410506,02114,www.dyptc.com,dypiet.ambi@gmail.com,Dr.R.J.Patil,306229 Ext.- 229,306229 Ext.- 229
"Institute Of Knowledge-College Of Engineering, Pimpale - Jagtap",Pune,Rural,"Pimpale - Jagtap , Tal. Shirur , District - Pune.  412208",Pune,,412208,02138,www.iokcoe.ac.in,principal.iok@gmail.com,Dr R.S. Jahagirdar,673301 Ext.- 3333,673333 Ext.- 3333
"I.S.B.& M. School of Technology, Nande Village",Pune,Rural,"Survey No.44/1, 44/1/2, Nande Village Taluka Mulshi , Pune  411042",Pune,,412115,020,www.isbmsot.org,isbm.engg@isbm.ac.in,Dr. Saroja Asthana,66754676 Ext.- 618,66754676 Ext.- 618
"Universal College of Engineering & Research, Sasewadi",Pune,Rural,"Gat No. 430, Sasewadi, Pune",Pune,,412205,02113,www.ucoer.edu.in,preranap.pune@gmail.com,Dr. Chandrakant Laxman Prabhune,220000 Ext.- 101,220000 Ext.- 101
"Dattakala Group Of Institutions, Swami - Chincholi Tal. Daund Dist. Pune",Pune,Rural,"Gat No. 541/2, 527 off.Pune-Solapur Highway No. 9, A/P-Swami-Chincholi, Tahsil - Daund, Pune , 413130",Pune,,413130,02117,www.dattakala.com,dkcom.edu@rediffmail.com,Dr. S. S. Karne,203184 Ext.- ,203183 Ext.- 
"Dhananjay Mahadik Group of Institutions, Kagal",Pune,Rural,"Gat. No.209/A,Nh-4,Vikaswadi, Kagal. Kolhapur",Kolhapur,,416216,02325,www.bhimaedu.com,bhimainstitute@gmail.com,Dr. Ashish K.Gurav,243977 Ext.- , Ext.- 
"Navsahyadri Education Society's Group of Institutions,  Naigaon, Tal. Bhor, Dist. Pune",Pune,Urban,"Gat. N0. 69,70,71, Mouje : Naigaon, Tal. Bhor,  Pune , 412205",Pune,,412213,02113,www.navsahyadri.edu.in,director@navsahyadri.edu.in,"Dr. K.S. Charak/ Dr. U.M. Shirsath, Prof. D. J. Khamkar",273277 Ext.- 205,273277 Ext.- 215
"KJEI's Trinity Academy of Engineering, Yewalewadi, Pune",Pune,Rural,"Svy.NO.25&27,At pisoli,Post Yevalewadi,Tal-Haveli,Bopdeo Ghat,Pune  411048",Pune,,411048,020,www.kjei.in,pcoemr@gmail.com,Dr.V.J.Kakhandki,32420346 Ext.- ,32420346 Ext.- 
"Samarth Group of Institutions, Bangarwadi, Post Belhe Tal. Junnar Dist. Pune",Pune,Rural,"Gat No. 28/1, At Bangarwadi, Post Belhe, Tal. Junnar Pune , 412410",Pune,,412410,02132,www.sreir.org,sibmbelhe@rediffmail.com,Dr. Annasaheb Shamrao Goje.,276752 Ext.- , Ext.- 
"N. B. Navale Sinhgad College of Engineering, Kegaon, solapur",Pune,Urban,"At Post Kegaon , Solapur - Pune National Highway, Dist Solapur  413256",Solapur,,413255,0217,www.spspm.org,principal.nbnscoe@spspm.org,Dr. S. N. Kini,2500610 Ext.- , Ext.- 
"S K N Sinhgad College of Engineering, Korti Tal. Pandharpur Dist Solapur",Pune,Rural,"At Post Korti,Pandharpur - Karad road,  Tal-Pandharpur, Dist-Solapur",Solapur,,413304,02186,www.spspm.org,principal.sknscoe@spspm.org,Dr. K.J. Karande,250146 Ext.- 103,250103 Ext.- 103
"Shri. Ambabai Talim Sanstha's Sanjay Bhokare Group of Institutes, Miraj",Pune,Urban,"Tilaknagar Miraj-Sangli Road Miraj Sangli , 416414",Sangli,,416414,0233,www.sbgimiraj.org,director@sbgimiraj.org,Dr. M. Y. Khire,2212989 Ext.- 202,2212989 Ext.- 
"TSSM's Bhivarabai Sawant College of Engineering and Research, Narhe",Pune,Urban,"S.No. 12/1/2 and 12/2/2, Narhe, Taluka Haveli, Pune  411048",Pune,,411041,020,www.tssm.in,bscoer@jspm.edu.in,Dr. D.V. Jadhav,24608500 Ext.- , Ext.- 
"Dr. D. Y. Patil School OF Engineering, Lohegaon, Pune",Pune,Urban,"Dr. D.Y. Patil Knowledge City, Charholi (Bk.), via Lohegaon, Pune",Pune,,412105,020,www.dypic.in,registrar_dypsoe@dypic.in,Dr. S.S. Sonavane,30619460 Ext.- ,30619460 Ext.- 
"JSPM Narhe Technical Campus, Pune.",Pune,Urban,"S.No.12/2/2, 14/9, Narhe, Pune 411041",Pune,,411041,020,www.jspmnarhe.in,jspmnarhe@jspm.edu.in,Dr. N. S. Nehe,24608701 Ext.- 201, Ext.- 
"Fabtech Technical Campus College of Engineering and Research, Sangola",Pune,Urban,"Pandharpur Road, Gat No.565/1, Sangola Tal. Sangola, Dist. Solapur  413307",Solapur,,413307,02187,www.fabtecheducation.com,ftc.coer@gmail.com,Dr. Satish Tanavade,223000 Ext.- 109,223000 Ext.- 122
"Yashoda Technical Campus, Wadhe, Satara.",Pune,Rural,"S.No.242/1, At post Wadhe,Tal.& Dist. Satara.  415011",Satara,,415011,02162,www.yes.edu.in,yspmadmin@yes.edu.in,Dr. R. J. Dias,271239 Ext.- 205,271240 Ext.- 205
"Sahyadri Valley College of Engineering & Technology, Rajuri, Pune.",Pune,Rural,"A/P Rajuri, Taluka-Junnar, Dist-Pune. 412411",Pune,,412411,02132,www.sahyadrivalleycollege.com,adean@sahyadrivalleycollege.com,Dr. Sanjay B.Zope,97675800 Ext.- 00,75680000 Ext.- 0976
"Shree Ramchandra College of Engineering, Lonikand,Pune",Pune,Rural,"Gat No. 351 & 333/1 At post Lonikand, Taluka Haveli, Dist. Pune  412216",Pune,,412216,020,www.srespune.org,srcoepune@gmail.com,Dr.A.D.Desai,26659999 Ext.- ,26659999 Ext.- 
"Nanasaheb Mahadik College of Engineering,Walwa, Sangli.",Pune,Rural,"Gat No. 894 & 2665, Peth Naka NH4, Tal Walwa, Dist. Sangli  415407",Sangli,,415407,02342,www.nmcoe.org.in,nmcoep@gmail.com,Dr. J. A. Tamboli,252100 Ext.- , Ext.- 
Phaltan Education Society's College of Engineering Thakurki Tal- Phaltan Dist-Satara ,Pune,Rural,"Survey No.31(Part), Thakurki, Tal. Phaltan, Dist.Satara.  ",Satara,,415523,02166,www.coephaltan.com,coeprincipal@yahoo.co.in,Dr M.K.Phadatare,221539 Ext.- ,220339 Ext.- 
"Suman Ramesh Tulsiani Technical Campus: Faculty of Engineering, Kamshet,Pune.",Pune,Rural,"Kamshet, Taluka Maval, Dist. Pune 410405",Pune,,410405,02114,www.vit.edu/kamshet,admission.kamshet@vit.edu,Dr.S.T.Patil,264100 Ext.- 105,264100 Ext.- 101
"P.K. Technical Campus, Pune.",Pune,Urban,"Gat. No.714(Old 1680), Post Kadachiwadi, Post Chakan, Tal. Khed. Dist. Pune  410501",Pune,,410501,02135,www.pkinstitute.edu.in,info@pkgroup.edu.in,Dr. Raj Kishore Prasad,619100 Ext.- , Ext.- 
"Rasiklal M. Dhariwal Sinhgad Technical Institutes Campus, Warje, Pune.",Pune,Urban,"111/1, Warje, Tal.Haveli, Dist. Pune  411058",Pune,,411058,020,www.sinhgad.edu,principal.rmdssoe@sinhgad.edu,Dr.C .B.Bangal,25218406 Ext.- ,25212406 Ext.- 
"SKN Sinhgad Institute of Technology & Science, Kusgaon(BK),Pune.",Pune,Rural,"Gat No.309, Kusgaon Budruk, Opp. Pune Mumbai Express Highway, Kusgaon, Lonavala, Pune.  410401",Pune,,410401,02114,www.sinhgad.edu,principal.sknsits@sinhgad.edu,Dr. Janhavi Sandeep Inamdar,304618 Ext.- 636,304391 Ext.- 
"Flora Institute of Technology, Khopi, Near Khed Shivapur Toll Plaza, Pune",Pune,Rural,"49/1, Khopi, Nr. Khed-Shivapur Toll Plaza, Off Pune-Banglore Highway, Taluka-Bhor,Dist.Pune , 412205",Pune,,412205,02113,www.flora.ac.in,aspadalkar@rediffmail.com,"Dr.Atul Padalkar, Former Principal, Sinhgad College of Engineering, Pune",203060 Ext.- ,203061 Ext.- 
"NBN Sinhgad Technical Institutes Campus, Pune",Pune,Rural,"10/1, Ambegaon Budruk, Tal.Haveli, Dist.Pune. 411041",Pune,,411041,020,www.sinhgad.edu,nbnssoe@sinhgad.edu,Dr. S. D. Markande,24355042 Ext.- ,24355041 Ext.- 
"D.Y.Patil Education Society's,D.Y.Patil Technical Campus, Faculty of Engineering & Faculty of Management,Talsande,Kolhapur.",Pune,Rural,"G.No. 85, Talasande, Tal- Hatkangle, Kolhapur  416112",Kolhapur,,416112,0230,www.dyptechnical.com,engg.dyptc@gmail.com,Dr. Satish R. Pawaskar,2479294 Ext.- 0230,2479294 Ext.- 0230
"Bhagwant Institute of Technology, Barshi",Pune,Rural,"Gat No. 1242/2, Tadsoundane Road, Barshi. Solapur.413401",Solapur,,413401,02184,www.bitbarshi.edu.in,bitbarshi6781@gmail.com,Dr. J.C.Burse,220070 Ext.- ,220071 Ext.- 
"Sahakar Maharshee Shankarrao Mohite Patil Institute of Technology & Research, Akluj",Pune,Rural,"At Shankar Nagar, Akluj, Post Yashwant Nagar, Dist. Solapur",Solapur,,413118,02185,www.smsmpitr.org,smpcht@gmail.com,Dr. Y.S.Padiya,223548 Ext.- 104,223548 Ext.- 104
"Dr. D. Y. Patil School of Engineering & Technology,  Charholi(Bk), Via Lohgaon, Pune",Pune,Urban,"Dr. D Y Patil Knowledge City, Charholi(Bk), Via-Lohgaon,  Pune 412105",Pune,,412105,020,www.dypic.in,principalsoet@dypic.in,Dr. Uttam B. Kalwane,30619460 Ext.- ,30619487 Ext.- 
"Dr. D. Y. Patil School of Engineering Academy, Ambi",Pune,Rural,"S.No 124,126 At/Post Ambi, Talegaon Dhabade, Taluka-Maval, Dist Pune Talegaon Dabhade, Tal. Maval Dist. Pune 410506",Pune,,410506,02114,www.dyptc.com,principaldypsoea@dyptc.com,Dr.A.M.Nagaraj,306230 Ext.- 230,306230 Ext.- 230
"Anantrao Pawar College of Engineering & Research, Pune",Pune,Urban,"S.No.103, Parvati Ramana Shahu College Road, Pune.",Pune,,411009,020,www.abmspcoerpune.org,abmspcoe@yahoo.com,Dr. Sunil B. Thakare,24213929 Ext.- , Ext.- 
"Shri.Someshwar Shikshan Prasarak Mandals, Someshwar Engineering College, Someshwar Nagar",Pune,Rural,"Gat No. 53, Waghalwadi, Post Someshwar nagar, Tal. Baramati, Dist. Pune.",Pune,,412306,02112,www.coesomeshwar.com,coesomeshwar@gmail.com,JADHVAR B R,02112283 Ext.- ,283185 Ext.- 
"Bharati vidyapeeth's Group of Institute. Lavale Technical Campus, Mulshi, Pune.",Pune,Rural,"At post Lavale, Lavale Technical Campus, Tal.Mulshi, Dist.Pune.",Pune,,412115,020,bvgoilcoe.bharatividyapeeth.edu,coelpune@bharatividyapeeth.edu,DR.S.M.SHENDOKAR ,65003345 Ext.- , Ext.- 
"Dnyanshree Institute Engineering and Technology, Satara",Pune,Rural,"A/p Sonvadi-Gajvadi, Sajjangad Road, Tal Satara, Dist. Satara.",Satara,,415013,02162,www.dnyanshree.edu.in,rwmct.satara@gmail.com,Dr.AJAY DADASAHEB JADHAV ,206563 Ext.- 02162,206566 Ext.- 02162
"Pad. Dr.D.Y.Patil Institute of Engineering, Management & Reseach, Akurdi, Pune",Pune,Urban,"Sector 29, PCNTDA, Pradhikaran, Akurdi, Pune",Pune,,411044,020,www.dypiemr.ac.in,principal.dypiemr@gmail.com,Dr.Anupama V.Patil,27656566 Ext.- ,27654470 Ext.- 
"Sant Gajanan Maharaj College of Engineering, Gadhinglaj",Pune,Rural,"Site Chinchewadi, Tal.GAdhinglaj, Dist. Kolhapur.",Kolhapur,,416503,02327,www.sgmh.com,sgmrhmahagaon@rediffmail.com,DR. BADKAR D. S.,216109 Ext.- ,216109 Ext.- 
"Manajiraje Bhosale Technical Campus, Urun Islampur",Pune,,"Islampur-Sangli Road, Urun Islampur, Tal. Walwa Dist Sangli.",Sangli,,415409,02342,www.mbtcampus.com,mrbtc.islampur@gmail.com,Dr. S.B.PATIL,661212 Ext.- ,661213 Ext.- 
"Genesis Insitute of Technology, Kasarwadi, Dist Kolhapur",Pune,Rural,"At post Kasar Wadi, Tal. Hatkanangale, Dist. Kolhapur.",Kolhapur,,416122,0231,www.genesisinstitute.in,ssearf@gmail.com,Dr. D.V.Ghewade,2685000 Ext.- ,2685002 Ext.- 
"Keystone School of Engineering, Pune",Pune,Rural,"Sr.No.305/7, 306, 307/5 & 308/21 Urli Devachi, Pune",Pune,,412308,020,www.shalakafoundation.com,prashantkasabe@gmail.com.com,Prof. Y. R. Soman,64003400 Ext.- ,64003200 Ext.- 
"Shivganga Charitable Trust, Sangli Vishveshwarya Technical Campus, Faculty of Degree Engineering, Patgaon, Miraj",Pune,Rural,"Patgaon, Miraj- Pandharpur Road, Miraj Dist.Sangli.",Sangli,,416420,0233,www.shivgangavtc.org,shivgangavtc@gmail.com,Dr. N. K. Patil,2276202 Ext.- 777,2276203 Ext.- 777
"Vidya Prasarini Sabha's College of Engineering & Technology, Lonavala",Pune,Rural,"Gat No. 685, Mouje-Waksai, Tah- Maval, Dist Pune.",Pune,,410405,02114,www.vpscet.com,vpscet@gmail.com,Dr. Prakash M Bapat ,246001 Ext.- 26,246001 Ext.- 26
"Pimpri Chinchwad Education Trust's Pimpri Chinchwad College Of Engineering And Research, Ravet",Pune,Urban,"Survey No.10, Laxmi Nagar, Ravet Plot No. B of 110(z), 110(s), Haveli, Pune
",Pune,,412101,020,www.pccoer.com,pccoer110@gmail.com,Dr. A.D.Gaikwad,69338080 Ext.- 020, Ext.- 
"Dr.D.Y.Patil College Of Engineering & Innovation,Talegaon",Pune,Urban,"Sr.No.27/A/1/2k, Near Talegaon Railway Station, A/P Varale, Talegaon, Tal-Maval,Dist Pune",Pune,,410507,2114,www.dypatilef.com,dypef.varale@gmail.com,SUSHANT V.PATIL,312324 Ext.- ,312325 Ext.- 
"Dr. D Y Patil Pratishthan's College of Engineering, Kolhapur",Pune,Urban,"R.S.No.865, A-Ward Salunke Nagar, Kolhapur",Kolhapur,,416008,0231,www.dypcoekop.com,s_pawaskar@yahoo.co.in,DR. SATISH R. PAWASKAR,2320914 Ext.- , Ext.- 
"Dr. A. D. Shinde College Of Engineering, Tal.Gadhinglaj, Kolhapur",Pune,Urban,"At Post Gudai, Bhadagaon, Tal.Gadhinglaj, Kolhapur",Kolhapur,,416502,02506,adshinde.coe.in,principal.dadscoe@gmail.com,Mr. Pattanshetti Sunil , Ext.- , Ext.- 
